species,gene_name,uniprot_id,fasta_accession,notes,,sequence identity
dog,,A0A0U2PLQ3,A0A0U2PLQ3_CANLF|protein,Files in cyp/dog_0,,
dog,,A0A0U2PTV9,A0A0U2PTV9_CANLF|protein,Files in cyp/dog_1,,
dog,CYP1A2,A0A8C0MVP8,A0A8C0MVP8_CANLF|protein,Files in cyp/dog_2,,
dog,CYP1A2,A0A8C0MVZ9,A0A8C0MVZ9_CANLF|protein,Files in cyp/dog_3,,
dog,CYP1A2,A0A8C0MW85,A0A8C0MW85_CANLF|protein,Files in cyp/dog_4,,
dog,,A0A8C0MWP1,A0A8C0MWP1_CANLF|protein,Files in cyp/dog_5,,
dog,CYP1A2,A0A8C0N095,A0A8C0N095_CANLF|protein,Files in cyp/dog_6,,
dog,CYP1A2,A0A8C0N0G7,A0A8C0N0G7_CANLF|protein,Files in cyp/dog_7,,
dog,CYP1A2,A0A8C0N4G5,A0A8C0N4G5_CANLF|protein,Files in cyp/dog_8,,
dog,CYP1A2,A0A8C0N8P1,A0A8C0N8P1_CANLF|protein,Files in cyp/dog_9,,
dog,CYP1A2,A0A8C0RHF9,A0A8C0RHF9_CANLF|protein,Files in cyp/dog_10,,
dog,CYP1A2,A0A8C0T5R7,A0A8C0T5R7_CANLF|protein,Files in cyp/dog_11,,
dog,CYP1A1,A0A8C0T7P3,A0A8C0T7P3_CANLF|protein,Files in cyp/dog_12,,
dog,CYP1A1,A0A8I3NSK1,A0A8I3NSK1_CANLF|protein,Files in cyp/dog_13,,
dog,CYP1A1,A0A8I3NTE0,A0A8I3NTE0_CANLF|protein,Files in cyp/dog_14,,
dog,CYP1A2,A0A8I3P112,A0A8I3P112_CANLF|protein,Files in cyp/dog_15,,
dog,CYP1A2,A0A8I3RZY7,A0A8I3RZY7_CANLF|protein,Files in cyp/dog_16,,
dog,CYP1A1,A0A8P0NJ85,A0A8P0NJ85_CANLF|protein,Files in cyp/dog_17,,
dog,CYP1A2,A0A8P0NUE6,A0A8P0NUE6_CANLF|protein,Files in cyp/dog_18,,
dog,CYP1B1,C1KG39,C1KG39_CANLF|protein,Files in cyp/dog_19,,
dog,CYP3A12,P24463,CP3AC_CANLF|protein,Files in cyp/dog_20,,
dog,CYP1A1,P56590,CP1A1_CANLF|protein,Files in cyp/dog_21,,
dog,CYP1A2,P56592,CP1A2_CANLF|protein,Files in cyp/dog_22,,
dog,CYP2E1,Q9MZY0,CP2E1_CANLF|protein,Files in cyp/dog_23,,
dog,CYP1A2,X5L1K8,X5L1K8_CANLF|protein,Files in cyp/dog_24,,
dog,CYP1A2,X5L560,X5L560_CANLF|protein,Files in cyp/dog_25,,
dog,KLKB1,A0A8C0RME7,A0A8C0RME7_CANLF|protein,Files in cyp/dog_26,,
dog,CYP26B1,A0A8C0T1I2,A0A8C0T1I2_CANLF|protein,Files in cyp/dog_27,,
dog,CYP2E1,A0A8C0T4B0,A0A8C0T4B0_CANLF|protein,Files in cyp/dog_28,,
dog,,A0A8C0T7L5,A0A8C0T7L5_CANLF|protein,Files in cyp/dog_29,,
dog,CYP4V2,A0A8C0YTN7,A0A8C0YTN7_CANLF|protein,Files in cyp/dog_30,,
dog,CYP2W1,A0A8I3N9J7,A0A8I3N9J7_CANLF|protein,Files in cyp/dog_31,,
dog,CYP2D6,A0A8I3NSF3,A0A8I3NSF3_CANLF|protein,Files in cyp/dog_32,,
dog,CYP26B1,A0A8I3P615,A0A8I3P615_CANLF|protein,Files in cyp/dog_33,,
dog,CYP4V2,A0A8I3P9M8,A0A8I3P9M8_CANLF|protein,Files in cyp/dog_34,,
dog,CYP2E1,A0A8I3PU60,A0A8I3PU60_CANLF|protein,Files in cyp/dog_35,,
dog,CYP2U1,A0A8I3Q1U3,A0A8I3Q1U3_CANLF|protein,Files in cyp/dog_36,,
dog,CYP2E1,A0A8P0P5K6,A0A8P0P5K6_CANLF|protein,Files in cyp/dog_37,,
dog,CYP2B11,P24460,CP2BB_CANLF|protein,Files in cyp/dog_38,,
dog,CYP2D15,Q29473,CP2DF_CANLF|protein,Files in cyp/dog_39,,
dog,,Q8HZK1,Q8HZK1_CANLF|protein,Files in cyp/dog_40,,
dog,CYP3A12,X5KCU3,X5KCU3_CANLF|protein,Files in cyp/dog_41,,
dog,CYP3A12,X5KJC0,X5KJC0_CANLF|protein,Files in cyp/dog_42,,
dog,CYP3A12,X5L1L5,X5L1L5_CANLF|protein,Files in cyp/dog_43,,
dog,CYP3A12,X5L565,X5L565_CANLF|protein,Files in cyp/dog_44,,
dog,CYP2W1,A0A8C0MH85,A0A8C0MH85_CANLF|protein,Files in cyp/dog_45,,
dog,CYP2W1,A0A8C0ML31,A0A8C0ML31_CANLF|protein,Files in cyp/dog_46,,
dog,CYP26A1,A0A8C0N338,A0A8C0N338_CANLF|protein,Files in cyp/dog_47,,
dog,,A0A8C0PI42,A0A8C0PI42_CANLF|protein,Files in cyp/dog_48,,
dog,,A0A8C0Q685,A0A8C0Q685_CANLF|protein,Files in cyp/dog_49,,
dog,,A0A8C0RCS1,A0A8C0RCS1_CANLF|protein,Files in cyp/dog_50,,
dog,,A0A8C0RT17,A0A8C0RT17_CANLF|protein,Files in cyp/dog_51,,
dog,,A0A8C0TGJ5,A0A8C0TGJ5_CANLF|protein,Files in cyp/dog_52,,
dog,CYP26A1,A0A8C0Z3N5,A0A8C0Z3N5_CANLF|protein,Files in cyp/dog_53,,
dog,,A0A8C0Z3Q8,A0A8C0Z3Q8_CANLF|protein,Files in cyp/dog_54,,
dog,LOC484492,A0A8I3MK53,A0A8I3MK53_CANLF|protein,Files in cyp/dog_55,,
dog,CYP2S1,A0A8I3MMU9,A0A8I3MMU9_CANLF|protein,Files in cyp/dog_56,,
dog,LOC119875773,A0A8I3MQC6,A0A8I3MQC6_CANLF|protein,Files in cyp/dog_57,,
dog,LOC610105,A0A8I3N610,A0A8I3N610_CANLF|protein,Files in cyp/dog_58,,
dog,CYP2W1,A0A8I3N9B7,A0A8I3N9B7_CANLF|protein,Files in cyp/dog_59,,
dog,CYP27B1,A0A8I3NU23,A0A8I3NU23_CANLF|protein,Files in cyp/dog_60,,
dog,CYP26A1,A0A8I3P076,A0A8I3P076_CANLF|protein,Files in cyp/dog_61,,
dog,LOC119876349,A0A8I3PU35,A0A8I3PU35_CANLF|protein,Files in cyp/dog_62,,
dog,LOC100688697,A0A8I3PUA0,A0A8I3PUA0_CANLF|protein,Files in cyp/dog_63,,
dog,LOC119868939,A0A8I3PV37,A0A8I3PV37_CANLF|protein,Files in cyp/dog_64,,
dog,CYP2J2,A0A8I3RT03,A0A8I3RT03_CANLF|protein,Files in cyp/dog_65,,
dog,CYP27B1,A0A8P0N3M3,A0A8P0N3M3_CANLF|protein,Files in cyp/dog_66,,
dog,CYP2W1,A0A8P0NDQ1,A0A8P0NDQ1_CANLF|protein,Files in cyp/dog_67,,
dog,CYP2W1,A0A8P0P298,A0A8P0P298_CANLF|protein,Files in cyp/dog_68,,
dog,LOC610105,A0A8P0S7Y7,A0A8P0S7Y7_CANLF|protein,Files in cyp/dog_69,,
dog,CYP2U1,A0A8P0SFX2,A0A8P0SFX2_CANLF|protein,Files in cyp/dog_70,,
dog,CYP2C41,O62671,CP241_CANLF|protein,Files in cyp/dog_71,,
dog,CYP2A25,Q307K7,Q307K7_CANLF|protein,Files in cyp/dog_72,,
dog,CYP2A13,Q307K8,Q307K8_CANLF|protein,Files in cyp/dog_73,,
dog,,A0A8C0M1I8,A0A8C0M1I8_CANLF|protein,Files in cyp/dog_74,,
dog,,A0A8C0M222,A0A8C0M222_CANLF|protein,Files in cyp/dog_75,,
dog,,A0A8C0M231,A0A8C0M231_CANLF|protein,Files in cyp/dog_76,,
dog,CYP2F1,A0A8C0M3A7,A0A8C0M3A7_CANLF|protein,Files in cyp/dog_77,,
dog,CYP2B6,A0A8C0M3L7,A0A8C0M3L7_CANLF|protein,Files in cyp/dog_78,,
dog,,A0A8C0M3P7,A0A8C0M3P7_CANLF|protein,Files in cyp/dog_79,,
dog,,A0A8C0M530,A0A8C0M530_CANLF|protein,Files in cyp/dog_80,,
dog,,A0A8C0M7Y9,A0A8C0M7Y9_CANLF|protein,Files in cyp/dog_81,,
dog,,A0A8C0M9N3,A0A8C0M9N3_CANLF|protein,Files in cyp/dog_82,,
dog,CYP1B1,A0A8C0MBX3,A0A8C0MBX3_CANLF|protein,Files in cyp/dog_83,,
dog,,A0A8C0MFC2,A0A8C0MFC2_CANLF|protein,Files in cyp/dog_84,,
dog,,A0A8C0MII1,A0A8C0MII1_CANLF|protein,Files in cyp/dog_85,,
dog,CYP2W1,A0A8C0ML71,A0A8C0ML71_CANLF|protein,Files in cyp/dog_86,,
dog,CYP27A1,A0A8C0MQC5,A0A8C0MQC5_CANLF|protein,Files in cyp/dog_87,,
dog,CYP2C18,A0A8C0MVA0,A0A8C0MVA0_CANLF|protein,Files in cyp/dog_88,,
dog,CYP27A1,A0A8C0MWS7,A0A8C0MWS7_CANLF|protein,Files in cyp/dog_89,,
dog,CYP26C1,A0A8C0NB19,A0A8C0NB19_CANLF|protein,Files in cyp/dog_90,,
dog,,A0A8C0NJD5,A0A8C0NJD5_CANLF|protein,Files in cyp/dog_91,,
dog,LOC119868939,A0A8C0NKJ9,A0A8C0NKJ9_CANLF|protein,Files in cyp/dog_92,,
dog,LOC119868939,A0A8C0NNX8,A0A8C0NNX8_CANLF|protein,Files in cyp/dog_93,,
dog,CYP8B1,A0A8C0NR21,A0A8C0NR21_CANLF|protein,Files in cyp/dog_94,,
dog,,A0A8C0NRB3,A0A8C0NRB3_CANLF|protein,Files in cyp/dog_95,,
dog,LOC119868939,A0A8C0NVU4,A0A8C0NVU4_CANLF|protein,Files in cyp/dog_96,,
dog,LOC119879494,A0A8C0NW62,A0A8C0NW62_CANLF|protein,Files in cyp/dog_97,,
dog,LOC119879494,A0A8C0NWK3,A0A8C0NWK3_CANLF|protein,Files in cyp/dog_98,,
dog,CYP4A11,A0A8C0NY59,A0A8C0NY59_CANLF|protein,Files in cyp/dog_99,,
dog,,A0A8C0NZA5,A0A8C0NZA5_CANLF|protein,Files in cyp/dog_100,,
dog,CYP4A11,A0A8C0NZE4,A0A8C0NZE4_CANLF|protein,Files in cyp/dog_101,,
dog,,A0A8C0P1I3,A0A8C0P1I3_CANLF|protein,Files in cyp/dog_102,,
dog,CYP4A11,A0A8C0P398,A0A8C0P398_CANLF|protein,Files in cyp/dog_103,,
dog,,A0A8C0P3X3,A0A8C0P3X3_CANLF|protein,Files in cyp/dog_104,,
dog,CYP4A11,A0A8C0P4A1,A0A8C0P4A1_CANLF|protein,Files in cyp/dog_105,,
dog,CYP4A11,A0A8C0P542,A0A8C0P542_CANLF|protein,Files in cyp/dog_106,,
dog,,A0A8C0P561,A0A8C0P561_CANLF|protein,Files in cyp/dog_107,,
dog,CYP4A11,A0A8C0P5X1,A0A8C0P5X1_CANLF|protein,Files in cyp/dog_108,,
dog,,A0A8C0P6C1,A0A8C0P6C1_CANLF|protein,Files in cyp/dog_109,,
dog,,A0A8C0P6M1,A0A8C0P6M1_CANLF|protein,Files in cyp/dog_110,,
dog,CYP4F22,A0A8C0P8N5,A0A8C0P8N5_CANLF|protein,Files in cyp/dog_111,,
dog,,A0A8C0PBT6,A0A8C0PBT6_CANLF|protein,Files in cyp/dog_112,,
dog,,A0A8C0PD20,A0A8C0PD20_CANLF|protein,Files in cyp/dog_113,,
dog,,A0A8C0PD67,A0A8C0PD67_CANLF|protein,Files in cyp/dog_114,,
dog,CYP26B1,A0A8C0PD95,A0A8C0PD95_CANLF|protein,Files in cyp/dog_115,,
dog,CYP4A11,A0A8C0PE33,A0A8C0PE33_CANLF|protein,Files in cyp/dog_116,,
dog,,A0A8C0PII2,A0A8C0PII2_CANLF|protein,Files in cyp/dog_117,,
dog,LOC100688697,A0A8C0PJ27,A0A8C0PJ27_CANLF|protein,Files in cyp/dog_118,,
dog,,A0A8C0PM12,A0A8C0PM12_CANLF|protein,Files in cyp/dog_119,,
dog,CYP24A1,A0A8C0PMU8,A0A8C0PMU8_CANLF|protein,Files in cyp/dog_120,,
dog,,A0A8C0Q1R7,A0A8C0Q1R7_CANLF|protein,Files in cyp/dog_121,,
dog,,A0A8C0QFY0,A0A8C0QFY0_CANLF|protein,Files in cyp/dog_122,,
dog,,A0A8C0QM45,A0A8C0QM45_CANLF|protein,Files in cyp/dog_123,,
dog,,A0A8C0RAC4,A0A8C0RAC4_CANLF|protein,Files in cyp/dog_124,,
dog,,A0A8C0REA2,A0A8C0REA2_CANLF|protein,Files in cyp/dog_125,,
dog,,A0A8C0RRM4,A0A8C0RRM4_CANLF|protein,Files in cyp/dog_126,,
dog,CYP2D15,A0A8C0RSU3,A0A8C0RSU3_CANLF|protein,Files in cyp/dog_127,,
dog,,A0A8C0S188,A0A8C0S188_CANLF|protein,Files in cyp/dog_128,,
dog,,A0A8C0S2T7,A0A8C0S2T7_CANLF|protein,Files in cyp/dog_129,,
dog,CYP2B6,A0A8C0S366,A0A8C0S366_CANLF|protein,Files in cyp/dog_130,,
dog,LOC484492,A0A8C0S3F2,A0A8C0S3F2_CANLF|protein,Files in cyp/dog_131,,
dog,,A0A8C0S4G2,A0A8C0S4G2_CANLF|protein,Files in cyp/dog_132,,
dog,LOC476453,A0A8C0S4V6,A0A8C0S4V6_CANLF|protein,Files in cyp/dog_133,,
dog,LOC119879494,A0A8C0S4W8,A0A8C0S4W8_CANLF|protein,Files in cyp/dog_134,,
dog,LOC119879494,A0A8C0S5B4,A0A8C0S5B4_CANLF|protein,Files in cyp/dog_135,,
dog,CYP39A1,A0A8C0SF29,A0A8C0SF29_CANLF|protein,Files in cyp/dog_136,,
dog,CYP39A1,A0A8C0SF75,A0A8C0SF75_CANLF|protein,Files in cyp/dog_137,,
dog,CYP24A1,A0A8C0SJU9,A0A8C0SJU9_CANLF|protein,Files in cyp/dog_138,,
dog,CYP24A1,A0A8C0SJY1,A0A8C0SJY1_CANLF|protein,Files in cyp/dog_139,,
dog,CYP4X1,A0A8C0SLF7,A0A8C0SLF7_CANLF|protein,Files in cyp/dog_140,,
dog,CYP4X1,A0A8C0SLR2,A0A8C0SLR2_CANLF|protein,Files in cyp/dog_141,,
dog,CYP4A11,A0A8C0SN59,A0A8C0SN59_CANLF|protein,Files in cyp/dog_142,,
dog,CYP4A11,A0A8C0SNY1,A0A8C0SNY1_CANLF|protein,Files in cyp/dog_143,,
dog,CYP2D15,A0A8C0SP41,A0A8C0SP41_CANLF|protein,Files in cyp/dog_144,,
dog,CYP4B1,A0A8C0SPC6,A0A8C0SPC6_CANLF|protein,Files in cyp/dog_145,,
dog,CYP4A11,A0A8C0SQ06,A0A8C0SQ06_CANLF|protein,Files in cyp/dog_146,,
dog,CYP4A11,A0A8C0SQF1,A0A8C0SQF1_CANLF|protein,Files in cyp/dog_147,,
dog,CYP4A11,A0A8C0SRB5,A0A8C0SRB5_CANLF|protein,Files in cyp/dog_148,,
dog,CYP2J2,A0A8C0SVW2,A0A8C0SVW2_CANLF|protein,Files in cyp/dog_149,,
dog,LOC119868939,A0A8C0SYH1,A0A8C0SYH1_CANLF|protein,Files in cyp/dog_150,,
dog,LOC119868939,A0A8C0SZA0,A0A8C0SZA0_CANLF|protein,Files in cyp/dog_151,,
dog,LOC119868939,A0A8C0SZI4,A0A8C0SZI4_CANLF|protein,Files in cyp/dog_152,,
dog,LOC119868939,A0A8C0T0L6,A0A8C0T0L6_CANLF|protein,Files in cyp/dog_153,,
dog,LOC119868939,A0A8C0T0Z6,A0A8C0T0Z6_CANLF|protein,Files in cyp/dog_154,,
dog,LOC119868939,A0A8C0T116,A0A8C0T116_CANLF|protein,Files in cyp/dog_155,,
dog,LOC119868939,A0A8C0T2Z2,A0A8C0T2Z2_CANLF|protein,Files in cyp/dog_156,,
dog,,A0A8C0T6V5,A0A8C0T6V5_CANLF|protein,Files in cyp/dog_157,,
dog,LOC119863926,A0A8C0T7Q8,A0A8C0T7Q8_CANLF|protein,Files in cyp/dog_158,,
dog,LOC119863926,A0A8C0T8J0,A0A8C0T8J0_CANLF|protein,Files in cyp/dog_159,,
dog,LOC119863926,A0A8C0TBE2,A0A8C0TBE2_CANLF|protein,Files in cyp/dog_160,,
dog,CYP27A1,A0A8C0TQF8,A0A8C0TQF8_CANLF|protein,Files in cyp/dog_161,,
dog,CYP1B1,A0A8C0TQT8,A0A8C0TQT8_CANLF|protein,Files in cyp/dog_162,,
dog,,A0A8C0TS18,A0A8C0TS18_CANLF|protein,Files in cyp/dog_163,,
dog,,A0A8C0YSZ5,A0A8C0YSZ5_CANLF|protein,Files in cyp/dog_164,,
dog,LOC119879494,A0A8C0YU43,A0A8C0YU43_CANLF|protein,Files in cyp/dog_165,,
dog,CYP4A11,A0A8C0YYU2,A0A8C0YYU2_CANLF|protein,Files in cyp/dog_166,,
dog,CYP4B1,A0A8C0YZ16,A0A8C0YZ16_CANLF|protein,Files in cyp/dog_167,,
dog,LOC119868939,A0A8C0Z174,A0A8C0Z174_CANLF|protein,Files in cyp/dog_168,,
dog,CYP27A1,A0A8C0Z5Q1,A0A8C0Z5Q1_CANLF|protein,Files in cyp/dog_169,,
dog,LOC119875773,A0A8I3MHC9,A0A8I3MHC9_CANLF|protein,Files in cyp/dog_170,,
dog,CYP2S1,A0A8I3MHH7,A0A8I3MHH7_CANLF|protein,Files in cyp/dog_171,,
dog,LOC119875773,A0A8I3MJ92,A0A8I3MJ92_CANLF|protein,Files in cyp/dog_172,,
dog,CYP2S1,A0A8I3MLR0,A0A8I3MLR0_CANLF|protein,Files in cyp/dog_173,,
dog,CYP2A13,A0A8I3MMS0,A0A8I3MMS0_CANLF|protein,Files in cyp/dog_174,,
dog,LOC119875773,A0A8I3MN11,A0A8I3MN11_CANLF|protein,Files in cyp/dog_175,,
dog,LOC119875773,A0A8I3MP76,A0A8I3MP76_CANLF|protein,Files in cyp/dog_176,,
dog,CYP2B6,A0A8I3MQJ9,A0A8I3MQJ9_CANLF|protein,Files in cyp/dog_177,,
dog,LOC119875773,A0A8I3MUY1,A0A8I3MUY1_CANLF|protein,Files in cyp/dog_178,,
dog,CYP2B6,A0A8I3N358,A0A8I3N358_CANLF|protein,Files in cyp/dog_179,,
dog,CYP4A37,A0A8I3NTF6,A0A8I3NTF6_CANLF|protein,Files in cyp/dog_180,,
dog,CYP4A37,A0A8I3NTH1,A0A8I3NTH1_CANLF|protein,Files in cyp/dog_181,,
dog,CYP4B1,A0A8I3NUL1,A0A8I3NUL1_CANLF|protein,Files in cyp/dog_182,,
dog,CYP4F22,A0A8I3NZI5,A0A8I3NZI5_CANLF|protein,Files in cyp/dog_183,,
dog,CYP4A37,A0A8I3P236,A0A8I3P236_CANLF|protein,Files in cyp/dog_184,,
dog,CYP4A37,A0A8I3P2Q3,A0A8I3P2Q3_CANLF|protein,Files in cyp/dog_185,,
dog,CYP4A37,A0A8I3P3X6,A0A8I3P3X6_CANLF|protein,Files in cyp/dog_186,,
dog,CYP4A37,A0A8I3P4E2,A0A8I3P4E2_CANLF|protein,Files in cyp/dog_187,,
dog,CYP4A37,A0A8I3P4R7,A0A8I3P4R7_CANLF|protein,Files in cyp/dog_188,,
dog,CYP4X1,A0A8I3P625,A0A8I3P625_CANLF|protein,Files in cyp/dog_189,,
dog,CYP4X1,A0A8I3P954,A0A8I3P954_CANLF|protein,Files in cyp/dog_190,,
dog,CYP4A37,A0A8I3PAL5,A0A8I3PAL5_CANLF|protein,Files in cyp/dog_191,,
dog,CYP26C1,A0A8I3PAY2,A0A8I3PAY2_CANLF|protein,Files in cyp/dog_192,,
dog,CYP26B1,A0A8I3PB12,A0A8I3PB12_CANLF|protein,Files in cyp/dog_193,,
dog,CYP27C1,A0A8I3PCE9,A0A8I3PCE9_CANLF|protein,Files in cyp/dog_194,,
dog,LOC119865014,A0A8I3PCS6,A0A8I3PCS6_CANLF|protein,Files in cyp/dog_195,,
dog,LOC119865014,A0A8I3PEM6,A0A8I3PEM6_CANLF|protein,Files in cyp/dog_196,,
dog,CYP8B1,A0A8I3PFY5,A0A8I3PFY5_CANLF|protein,Files in cyp/dog_197,,
dog,CYP2C18,A0A8I3PGZ7,A0A8I3PGZ7_CANLF|protein,Files in cyp/dog_198,,
dog,CYP26B1,A0A8I3PHQ9,A0A8I3PHQ9_CANLF|protein,Files in cyp/dog_199,,
dog,CYP27A1,A0A8I3PW50,A0A8I3PW50_CANLF|protein,Files in cyp/dog_200,,
dog,CYP24A1,A0A8I3PYQ1,A0A8I3PYQ1_CANLF|protein,Files in cyp/dog_201,,
dog,CYP24A1,A0A8I3QR35,A0A8I3QR35_CANLF|protein,Files in cyp/dog_202,,
dog,CYP2A13,A0A8I3RSH6,A0A8I3RSH6_CANLF|protein,Files in cyp/dog_203,,
dog,LOC119875773,A0A8I3RSN1,A0A8I3RSN1_CANLF|protein,Files in cyp/dog_204,,
dog,LOC119875773,A0A8I3RSN4,A0A8I3RSN4_CANLF|protein,Files in cyp/dog_205,,
dog,LOC119875773,A0A8I3RSP1,A0A8I3RSP1_CANLF|protein,Files in cyp/dog_206,,
dog,CYP39A1,A0A8I3RX90,A0A8I3RX90_CANLF|protein,Files in cyp/dog_207,,
dog,LOC119863926,A0A8I3RZ52,A0A8I3RZ52_CANLF|protein,Files in cyp/dog_208,,
dog,CYP20A1,A0A8I3RZB0,A0A8I3RZB0_CANLF|protein,Files in cyp/dog_209,,
dog,CYP27A1,A0A8I3S6P6,A0A8I3S6P6_CANLF|protein,Files in cyp/dog_210,,
dog,CYP27A1,A0A8I3SBF3,A0A8I3SBF3_CANLF|protein,Files in cyp/dog_211,,
dog,CYP4X1,A0A8P0N6X0,A0A8P0N6X0_CANLF|protein,Files in cyp/dog_212,,
dog,CYP4A38,A0A8P0N6Y4,A0A8P0N6Y4_CANLF|protein,Files in cyp/dog_213,,
dog,CYP4A38,A0A8P0N704,A0A8P0N704_CANLF|protein,Files in cyp/dog_214,,
dog,CYP2A13,A0A8P0N7R7,A0A8P0N7R7_CANLF|protein,Files in cyp/dog_215,,
dog,CYP2C18,A0A8P0NAD2,A0A8P0NAD2_CANLF|protein,Files in cyp/dog_216,,
dog,CYP24A1,A0A8P0NE13,A0A8P0NE13_CANLF|protein,Files in cyp/dog_217,,
dog,CYP2J2,A0A8P0NJZ6,A0A8P0NJZ6_CANLF|protein,Files in cyp/dog_218,,
dog,CYP26B1,A0A8P0NUR9,A0A8P0NUR9_CANLF|protein,Files in cyp/dog_219,,
dog,CYP4A38,A0A8P0P3T7,A0A8P0P3T7_CANLF|protein,Files in cyp/dog_220,,
dog,CYP24A1,A0A8P0P3W5,A0A8P0P3W5_CANLF|protein,Files in cyp/dog_221,,
dog,CYP4A38,A0A8P0P722,A0A8P0P722_CANLF|protein,Files in cyp/dog_222,,
dog,CYP4A38,A0A8P0PE88,A0A8P0PE88_CANLF|protein,Files in cyp/dog_223,,
dog,LOC489851,A0A8P0PEN0,A0A8P0PEN0_CANLF|protein,Files in cyp/dog_224,,
dog,CYP27C1,A0A8P0PHK1,A0A8P0PHK1_CANLF|protein,Files in cyp/dog_225,,
dog,CYP27C1,A0A8P0PJ13,A0A8P0PJ13_CANLF|protein,Files in cyp/dog_226,,
dog,CYP20A1,A0A8P0PSC1,A0A8P0PSC1_CANLF|protein,Files in cyp/dog_227,,
dog,CYP27C1,A0A8P0SA12,A0A8P0SA12_CANLF|protein,Files in cyp/dog_228,,
dog,CYP2A7,A0A8P0SAM9,A0A8P0SAM9_CANLF|protein,Files in cyp/dog_229,,
dog,CYP2S1,A0A8P0SAR6,A0A8P0SAR6_CANLF|protein,Files in cyp/dog_230,,
dog,CYP20A1,A0A8P0SHU9,A0A8P0SHU9_CANLF|protein,Files in cyp/dog_231,,
dog,LOC489851,A0A8P0SJE7,A0A8P0SJE7_CANLF|protein,Files in cyp/dog_232,,
dog,CYP4X1,A0A8P0SYF9,A0A8P0SYF9_CANLF|protein,Files in cyp/dog_233,,
dog,CYP3A26,A0A8P0T288,A0A8P0T288_CANLF|protein,Files in cyp/dog_234,,
dog,LOC489851,A0A8P0T458,A0A8P0T458_CANLF|protein,Files in cyp/dog_235,,
dog,CYP4A38,A0A8P0TBY4,A0A8P0TBY4_CANLF|protein,Files in cyp/dog_236,,
dog,CYP4A38,A0A8P0TCU3,A0A8P0TCU3_CANLF|protein,Files in cyp/dog_237,,
dog,CYP2A13,A0A8P0TCW4,A0A8P0TCW4_CANLF|protein,Files in cyp/dog_238,,
dog,CYP4A38,A0A8P0THN3,A0A8P0THN3_CANLF|protein,Files in cyp/dog_239,,
dog,CYP2D15,A0A8P0TKG8,A0A8P0TKG8_CANLF|protein,Files in cyp/dog_240,,
dog,CYP2C18,A0A8P0TNH5,A0A8P0TNH5_CANLF|protein,Files in cyp/dog_241,,
dog,CYP4A39,Q2VHZ7,Q2VHZ7_CANLF|protein,Files in cyp/dog_242,,
dog,CYP4A38,Q2VHZ8,Q2VHZ8_CANLF|protein,Files in cyp/dog_243,,
dog,CYP4A37,Q2VHZ9,Q2VHZ9_CANLF|protein,Files in cyp/dog_244,,
dog,CYP3A12,X5KCT9,X5KCT9_CANLF|protein,Files in cyp/dog_245,,
dog,CYP2B11,X5KJB3,X5KJB3_CANLF|protein,Files in cyp/dog_246,,
dog,Cytochrome-P450-2D15,X5KJD2,X5KJD2_CANLF|protein,Files in cyp/dog_247,,
dog,Cytochrome-P450-2D15,X5KJD8,X5KJD8_CANLF|protein,Files in cyp/dog_248,,
dog,CYP2D15,X5KNW5,X5KNW5_CANLF|protein,Files in cyp/dog_249,,
dog,Cytochrome-P450-2D15,X5L1N0,X5L1N0_CANLF|protein,Files in cyp/dog_250,,
dog,CYP2B11,X5L555,X5L555_CANLF|protein,Files in cyp/dog_251,,
dog,Cytochrome-P450-2D15,X5L571,X5L571_CANLF|protein,Files in cyp/dog_252,,
dog,Cytochrome-P450-2D15,X5L576,X5L576_CANLF|protein,Files in cyp/dog_253,,
dog,CYP4A11,A0A8C0NZ20,A0A8C0NZ20_CANLF|protein,Files in cyp/dog_254,,
dog,CYP4A11,A0A8C0P289,A0A8C0P289_CANLF|protein,Files in cyp/dog_255,,
dog,CYP2J2,A0A8I3N2T6,A0A8I3N2T6_CANLF|protein,Files in cyp/dog_256,,
dog,CYP20A1,A0A8I3NX01,A0A8I3NX01_CANLF|protein,Files in cyp/dog_257,,
dog,CYP24A1,A0A8I3Q096,A0A8I3Q096_CANLF|protein,Files in cyp/dog_258,,
mouse,Cyp4a12b,A2A974,CP4CB_MOUSE|protein,Files in cyp/mouse_0,,
mouse,Cyp26c1,B2RXA7,CP26C_MOUSE|protein,Files in cyp/mouse_1,,
mouse,Cyp1a2,B6VGH4,B6VGH4_MOUSE|protein,Files in cyp/mouse_2,,
mouse,Cyp2c23,E9Q5K4,CP2CN_MOUSE|protein,Files in cyp/mouse_3,,
mouse,Cyp4a14,O35728,CP4AE_MOUSE|protein,Files in cyp/mouse_4,,
mouse,Cyp26a1,O55127,CP26A_MOUSE|protein,Files in cyp/mouse_5,,
mouse,Cyp4a10,O88833,CP4AA_MOUSE|protein,Files in cyp/mouse_6,,
mouse,Cyp1a1,P00184,CP1A1_MOUSE|protein,Files in cyp/mouse_7,,
mouse,Cyp1a2,P00186,CP1A2_MOUSE|protein,Files in cyp/mouse_8,,
mouse,Cyp2b10,P12791,CP2BA_MOUSE|protein,Files in cyp/mouse_9,,
mouse,Cyp11b2,P15539,C11B2_MOUSE|protein,Files in cyp/mouse_10,,
mouse,Cyp2a5,P20852,CP2A5_MOUSE|protein,Files in cyp/mouse_11,,
mouse,Cyp2c39,P56656,CP239_MOUSE|protein,Files in cyp/mouse_12,,
mouse,Cyp2e1,Q05421,CP2E1_MOUSE|protein,Files in cyp/mouse_13,,
mouse,Cyp1a1,Q05A20,Q05A20_MOUSE|protein,Files in cyp/mouse_14,,
mouse,Cyp7b1,Q60991,CP7B1_MOUSE|protein,Files in cyp/mouse_15,,
mouse,Cyp1b1,Q64429,CP1B1_MOUSE|protein,Files in cyp/mouse_16,,
mouse,Cyp7a1,Q64505,CP7A1_MOUSE|protein,Files in cyp/mouse_17,,
mouse,Cyp26b1,Q811W2,CP26B_MOUSE|protein,Files in cyp/mouse_18,,
mouse,Cyp4a12a,Q91WL5,CP4CA_MOUSE|protein,Files in cyp/mouse_19,,
mouse,Cyp2c50,Q91X77,CY250_MOUSE|protein,Files in cyp/mouse_20,,
mouse,Cyp4f3,Q99N16,CP4F3_MOUSE|protein,Files in cyp/mouse_21,,
mouse,Cyp2c55,Q9D816,CP255_MOUSE|protein,Files in cyp/mouse_22,,
mouse,Cyp2s1,Q9DBX6,CP2S1_MOUSE|protein,Files in cyp/mouse_23,,
mouse,Cyp2e1,A0A1B0GSV7,A0A1B0GSV7_MOUSE|protein,Files in cyp/mouse_24,,
mouse,Cyp4v3,B2RSR0,B2RSR0_MOUSE|protein,Files in cyp/mouse_25,,
mouse,Cyp2w1,E9Q816,CP2W1_MOUSE|protein,Files in cyp/mouse_26,,
mouse,Cyp2j5,O54749,CP2J5_MOUSE|protein,Files in cyp/mouse_27,,
mouse,Cyp2j6,O54750,CP2J6_MOUSE|protein,Files in cyp/mouse_28,,
mouse,Cyp2d9,P11714,CP2D9_MOUSE|protein,Files in cyp/mouse_29,,
mouse,Cyp2b9,P12790,CP2B9_MOUSE|protein,Files in cyp/mouse_30,,
mouse,Cyp2a4,P15392,CP2A4_MOUSE|protein,Files in cyp/mouse_31,,
mouse,Cyp2d10,P24456,CP2DA_MOUSE|protein,Files in cyp/mouse_32,,
mouse,Cyp2d11,P24457,CP2DB_MOUSE|protein,Files in cyp/mouse_33,,
mouse,Cyp2f2,P33267,CP2F2_MOUSE|protein,Files in cyp/mouse_34,,
mouse,Cyp2a12,P56593,CP2AC_MOUSE|protein,Files in cyp/mouse_35,,
mouse,Cyp2c37,P56654,CP237_MOUSE|protein,Files in cyp/mouse_36,,
mouse,Cyp2c38,P56655,CP238_MOUSE|protein,Files in cyp/mouse_37,,
mouse,Cyp2c40,P56657,CP240_MOUSE|protein,Files in cyp/mouse_38,,
mouse,Cyp4v3,Q3UC74,Q3UC74_MOUSE|protein,Files in cyp/mouse_39,,
mouse,Cyp2c29,Q64458,CP2CT_MOUSE|protein,Files in cyp/mouse_40,,
mouse,Cyp3a11,Q64459,CP3AB_MOUSE|protein,Files in cyp/mouse_41,,
mouse,Cyp4b1,Q64462,CP4B1_MOUSE|protein,Files in cyp/mouse_42,,
mouse,Cyp3a13,Q64464,CP3AD_MOUSE|protein,Files in cyp/mouse_43,,
mouse,Cyp2c54,Q6XVG2,CP254_MOUSE|protein,Files in cyp/mouse_44,,
mouse,Cyp2c70,Q91W64,CP270_MOUSE|protein,Files in cyp/mouse_45,,
mouse,Cyp2u1,Q9CX98,CP2U1_MOUSE|protein,Files in cyp/mouse_46,,
mouse,Cyp4v2,Q9DBW0,CP4V2_MOUSE|protein,Files in cyp/mouse_47,,
mouse,Cyp2d22,Q9JKY7,Q9JKY7_MOUSE|protein,Files in cyp/mouse_48,,
mouse,Cyp2d26,A0A0R4IZY2,A0A0R4IZY2_MOUSE|protein,Files in cyp/mouse_49,,
mouse,Cyp26a1,A0A0R4J061,A0A0R4J061_MOUSE|protein,Files in cyp/mouse_50,,
mouse,Cyp2b13,A6H6J2,A6H6J2_MOUSE|protein,Files in cyp/mouse_51,,
mouse,Cyp2a22,B2RXZ2,B2RXZ2_MOUSE|protein,Files in cyp/mouse_52,,
mouse,Cyp3a57,D3YYZ0,D3YYZ0_MOUSE|protein,Files in cyp/mouse_53,,
mouse,Cyp3a59,D3Z2W7,D3Z2W7_MOUSE|protein,Files in cyp/mouse_54,,
mouse,Cyp2b23,E9Q593,E9Q593_MOUSE|protein,Files in cyp/mouse_55,,
mouse,Cyp2d34,L7N463,L7N463_MOUSE|protein,Files in cyp/mouse_56,,
mouse,Cyp3a25,O09158,CP3AP_MOUSE|protein,Files in cyp/mouse_57,,
mouse,Cyp2b19,O55071,CP2BJ_MOUSE|protein,Files in cyp/mouse_58,,
mouse,Cyp3a16,Q64481,CP3AG_MOUSE|protein,Files in cyp/mouse_59,,
mouse,Cyp4x1,Q6A152,CP4X1_MOUSE|protein,Files in cyp/mouse_60,,
mouse,Cyp2d26,Q8CIM7,CP2DQ_MOUSE|protein,Files in cyp/mouse_61,,
mouse,Cyp2d22,Q91W87,Q91W87_MOUSE|protein,Files in cyp/mouse_62,,
mouse,Cyp3a44,Q9EQW4,Q9EQW4_MOUSE|protein,Files in cyp/mouse_63,,
mouse,Cyp3a41a,Q9JMA7,CP341_MOUSE|protein,Files in cyp/mouse_64,,
mouse,Cyp2b10,Q9WUD0,Q9WUD0_MOUSE|protein,Files in cyp/mouse_65,,
mouse,Cyp4a29,A0A087WPC3,A0A087WPC3_MOUSE|protein,Files in cyp/mouse_66,,
mouse,Cyp4a30b,A0A087WS15,A0A087WS15_MOUSE|protein,Files in cyp/mouse_67,,
mouse,Cyp26b1,A0A0N4SV88,A0A0N4SV88_MOUSE|protein,Files in cyp/mouse_68,,
mouse,Cyp8b1,A0A0R4J0N7,A0A0R4J0N7_MOUSE|protein,Files in cyp/mouse_69,,
mouse,Cyp2d10,A0A2R8VKK3,A0A2R8VKK3_MOUSE|protein,Files in cyp/mouse_70,,
mouse,Cyp39a1,A0A3B2W4C8,A0A3B2W4C8_MOUSE|protein,Files in cyp/mouse_71,,
mouse,Cyp39a1,A0A3B2WCK5,A0A3B2WCK5_MOUSE|protein,Files in cyp/mouse_72,,
mouse,Cyp4a32,A2A8T1,A2A8T1_MOUSE|protein,Files in cyp/mouse_73,,
mouse,Cyp4a10,A2A977,A2A977_MOUSE|protein,Files in cyp/mouse_74,,
mouse,Cyp4x1,A2A9Y7,A2A9Y7_MOUSE|protein,Files in cyp/mouse_75,,
mouse,Cyp4f39,A6H653,A6H653_MOUSE|protein,Files in cyp/mouse_76,,
mouse,Cyp4a12b,B0G0Y2,B0G0Y2_MOUSE|protein,Files in cyp/mouse_77,,
mouse,Cyp4f40,B2RY43,B2RY43_MOUSE|protein,Files in cyp/mouse_78,,
mouse,Cyp4f13,B8JK07,B8JK07_MOUSE|protein,Files in cyp/mouse_79,,
mouse,Cyp2s1,D3Z7F1,D3Z7F1_MOUSE|protein,Files in cyp/mouse_80,,
mouse,Cyp2t4,D3Z7F6,D3Z7F6_MOUSE|protein,Files in cyp/mouse_81,,
mouse,Cyp2t4,E9PWV0,E9PWV0_MOUSE|protein,Files in cyp/mouse_82,,
mouse,Cyp2c69,E9PXC3,E9PXC3_MOUSE|protein,Files in cyp/mouse_83,,
mouse,Cyp2c40,E9Q7C8,E9Q7C8_MOUSE|protein,Files in cyp/mouse_84,,
mouse,Cyp4a31,F8WGU9,F8WGU9_MOUSE|protein,Files in cyp/mouse_85,,
mouse,Cyp4f17,G3UW78,G3UW78_MOUSE|protein,Files in cyp/mouse_86,,
mouse,Cyp4f40,G3UW81,G3UW81_MOUSE|protein,Files in cyp/mouse_87,,
mouse,Cyp2b10,G3X8Q9,G3X8Q9_MOUSE|protein,Files in cyp/mouse_88,,
mouse,Cyp2c68,K7N6C2,K7N6C2_MOUSE|protein,Files in cyp/mouse_89,,
mouse,Cyp3a16,Q2KHL4,Q2KHL4_MOUSE|protein,Files in cyp/mouse_90,,
mouse,Cyp4b1,Q3TNA0,Q3TNA0_MOUSE|protein,Files in cyp/mouse_91,,
mouse,Cyp24a1,Q3TWW0,Q3TWW0_MOUSE|protein,Files in cyp/mouse_92,,
mouse,Cyp3a11,Q3UEN8,Q3UEN8_MOUSE|protein,Files in cyp/mouse_93,,
mouse,Cyp2d9,Q3UNW2,Q3UNW2_MOUSE|protein,Files in cyp/mouse_94,,
mouse,Cyp1b1,Q3UTK2,Q3UTK2_MOUSE|protein,Files in cyp/mouse_95,,
mouse,Cyp3a13,Q3UW87,Q3UW87_MOUSE|protein,Files in cyp/mouse_96,,
mouse,Cyp4f37,Q3V1F1,Q3V1F1_MOUSE|protein,Files in cyp/mouse_97,,
mouse,Cyp3a11,Q52L54,Q52L54_MOUSE|protein,Files in cyp/mouse_98,,
mouse,Cyp2c67,Q569X9,Q569X9_MOUSE|protein,Files in cyp/mouse_99,,
mouse,16aoh-b,Q64460,Q64460_MOUSE|protein,Files in cyp/mouse_100,,
mouse,Cyp27b1,Q66JY8,Q66JY8_MOUSE|protein,Files in cyp/mouse_101,,
mouse,Cyp1b1,Q80V82,Q80V82_MOUSE|protein,Files in cyp/mouse_102,,
mouse,Cyp4f39,Q8BGU0,Q8BGU0_MOUSE|protein,Files in cyp/mouse_103,,
mouse,Cyp20a1,Q8BKE6,CP20A_MOUSE|protein,Files in cyp/mouse_104,,
mouse,Cyp2d12,Q8BVD2,Q8BVD2_MOUSE|protein,Files in cyp/mouse_105,,
mouse,Cyp2c68,Q8VCP4,Q8VCP4_MOUSE|protein,Files in cyp/mouse_106,,
mouse,Cyp4a31,Q91WU1,Q91WU1_MOUSE|protein,Files in cyp/mouse_107,,
mouse,Cyp2a5,Q91X75,Q91X75_MOUSE|protein,Files in cyp/mouse_108,,
mouse,Cyp4f13,Q99KY6,Q99KY6_MOUSE|protein,Files in cyp/mouse_109,,
mouse,Cyp4f16,Q99N17,Q99N17_MOUSE|protein,Files in cyp/mouse_110,,
mouse,Cyp4f15,Q99N18,Q99N18_MOUSE|protein,Files in cyp/mouse_111,,
mouse,Cyp4f13,Q99N19,Q99N19_MOUSE|protein,Files in cyp/mouse_112,,
mouse,Cyp3a25,Q9QXK4,Q9QXK4_MOUSE|protein,Files in cyp/mouse_113,,
mouse,Cyp2g1,Q9WV19,Q9WV19_MOUSE|protein,Files in cyp/mouse_114,,
rat,Cyp1a2,A0A8I6AD25,A0A8I6AD25_RAT|protein,Files in cyp/rat_0,,
rat,Cyp1a2,A6J4X2,A6J4X2_RAT|protein,Files in cyp/rat_1,,
rat,Cyp1a1,A6J4X3,A6J4X3_RAT|protein,Files in cyp/rat_2,,
rat,Cyp26b1,G3V7X8,CP26B_RAT|protein,Files in cyp/rat_3,,
rat,Cyp2f2,O35293,CP2F2_RAT|protein,Files in cyp/rat_4,,
rat,Cyp2b1,P00176,CP2B1_RAT|protein,Files in cyp/rat_5,,
rat,Cyp1a1,P00185,CP1A1_RAT|protein,Files in cyp/rat_6,,
rat,Cyp2b2,P04167,CP2B2_RAT|protein,Files in cyp/rat_7,,
rat,Cyp1a2,P04799,CP1A2_RAT|protein,Files in cyp/rat_8,,
rat,Cyp3a1,P04800,CP3A1_RAT|protein,Files in cyp/rat_9,,
rat,Cyp2c6,P05178,CP2C6_RAT|protein,Files in cyp/rat_10,,
rat,Cyp2c7,P05179,CP2C7_RAT|protein,Files in cyp/rat_11,,
rat,Cyp2e1,P05182,CP2E1_RAT|protein,Files in cyp/rat_12,,
rat,Cyp3a2,P05183,CP3A2_RAT|protein,Files in cyp/rat_13,,
rat,Cyp4a10,P08516,CP4AA_RAT|protein,Files in cyp/rat_14,,
rat,Cyp2c11,P08683,CP2CB_RAT|protein,Files in cyp/rat_15,,
rat,Cyp2d1,P10633,CP2D1_RAT|protein,Files in cyp/rat_16,,
rat,Cyp2d26,P10634,CP2DQ_RAT|protein,Files in cyp/rat_17,,
rat,Cyp2a1,P11711,CP2A1_RAT|protein,Files in cyp/rat_18,,
rat,Cyp2d3,P12938,CP2D3_RAT|protein,Files in cyp/rat_19,,
rat,Cyp2d10,P12939,CP2DA_RAT|protein,Files in cyp/rat_20,,
rat,Cyp2b3,P13107,CP2B3_RAT|protein,Files in cyp/rat_21,,
rat,Cyp4b1,P15129,CP4B1_RAT|protein,Files in cyp/rat_22,,
rat,Cyp2a2,P15149,CP2A2_RAT|protein,Files in cyp/rat_23,,
rat,Cyp11b1,P15393,C11B1_RAT|protein,Files in cyp/rat_24,,
rat,Cyp7a1,P18125,CP7A1_RAT|protein,Files in cyp/rat_25,,
rat,Cyp2a3,P20812,CP2A3_RAT|protein,Files in cyp/rat_26,,
rat,Cyp2c13,P20814,CP2CD_RAT|protein,Files in cyp/rat_27,,
rat,Cyp4a2,P20816,CP4A2_RAT|protein,Files in cyp/rat_28,,
rat,Cyp4a14,P20817,CP4AE_RAT|protein,Files in cyp/rat_29,,
rat,Cyp4a12,P24464,CP4AC_RAT|protein,Files in cyp/rat_30,,
rat,Cyp2c23,P24470,CP2CN_RAT|protein,Files in cyp/rat_31,,
rat,Cyp11b2,P30099,C11B2_RAT|protein,Files in cyp/rat_32,,
rat,Cyp11b3,P30100,C11B3_RAT|protein,Files in cyp/rat_33,,
rat,Cyp4f1,P33274,CP4F1_RAT|protein,Files in cyp/rat_34,,
rat,Cyp3a9,P51538,CP3A9_RAT|protein,Files in cyp/rat_35,,
rat,Cyp4f4,P51869,CP4F4_RAT|protein,Files in cyp/rat_36,,
rat,Cyp1b1,Q64678,CP1B1_RAT|protein,Files in cyp/rat_37,,
rat,Cyp2d4,Q64680,CP2D4_RAT|protein,Files in cyp/rat_38,,
rat,Cyp1a1,Q80UE2,Q80UE2_RAT|protein,Files in cyp/rat_39,,
rat,CYP2J4,Q9QXF7,CP2J4_RAT|protein,Files in cyp/rat_40,,
rat,Cyp2e1,A0A0G2K5X9,A0A0G2K5X9_RAT|protein,Files in cyp/rat_41,,
rat,Cyp2w1,A0A0G2KAI3,A0A0G2KAI3_RAT|protein,Files in cyp/rat_42,,
rat,Cyp2e1,A0A8I5ZS79,A0A8I5ZS79_RAT|protein,Files in cyp/rat_43,,
rat,Cyp2e1,A0A8I5ZXI6,A0A8I5ZXI6_RAT|protein,Files in cyp/rat_44,,
rat,Cyp2e1,A0A8L2Q8J4,A0A8L2Q8J4_RAT|protein,Files in cyp/rat_45,,
rat,Cyp4v2,A2RRT9,CP4V2_RAT|protein,Files in cyp/rat_46,,
rat,Cyp2e1,A6HXJ0,A6HXJ0_RAT|protein,Files in cyp/rat_47,,
rat,Cyp26a1,A6I173,A6I173_RAT|protein,Files in cyp/rat_48,,
rat,Cyp2s1,A6J991,A6J991_RAT|protein,Files in cyp/rat_49,,
rat,Cyp26a1,G3V861,G3V861_RAT|protein,Files in cyp/rat_50,,
rat,Cyp2g1,P10610,CP2G1_RAT|protein,Files in cyp/rat_51,,
rat,Cyp2c12,P11510,CP2CC_RAT|protein,Files in cyp/rat_52,,
rat,Cyp2c70,P19225,CP270_RAT|protein,Files in cyp/rat_53,,
rat,Cyp2b12,P33272,CP2BC_RAT|protein,Files in cyp/rat_54,,
rat,Cyp2j3,P51590,CP2J3_RAT|protein,Files in cyp/rat_55,,
rat,Cyp26a1,Q2PMW7,Q2PMW7_RAT|protein,Files in cyp/rat_56,,
rat,Cyp26a1,Q304P5,Q304P5_RAT|protein,Files in cyp/rat_57,,
rat,Cyp4f3,Q3MID2,CP4F3_RAT|protein,Files in cyp/rat_58,,
rat,Cyp2u1,Q4V8D1,CP2U1_RAT|protein,Files in cyp/rat_59,,
rat,Cyp3a18,Q64581,CP3AI_RAT|protein,Files in cyp/rat_60,,
rat,Cyp26a1,Q8VIL0,Q8VIL0_RAT|protein,Files in cyp/rat_61,,
rat,Cyp3a62,A0A0G2K5K4,A0A0G2K5K4_RAT|protein,Files in cyp/rat_62,,
rat,Cyp2b1,F7FBM8,A0A0G2K5S9_RAT|protein,Files in cyp/rat_63,,
rat,LOC103691092,A0A8I5ZZ08,A0A8I5ZZ08_RAT|protein,Files in cyp/rat_64,,
rat,Cyp2r1,A0A8I6GHN7,A0A8I6GHN7_RAT|protein,Files in cyp/rat_65,,
rat,Cyp2u1,A0A8L2UPN4,A0A8L2UPN4_RAT|protein,Files in cyp/rat_66,,
rat,Cyp27b1,A6HQR8,A6HQR8_RAT|protein,Files in cyp/rat_67,,
rat,Cyp2c11,A6I196,A6I196_RAT|protein,Files in cyp/rat_68,,
rat,Cyp2b21,A6J9A0,A6J9A0_RAT|protein,Files in cyp/rat_69,,
rat,Cyp3a62,A6K211,A6K211_RAT|protein,Files in cyp/rat_70,,
rat,Cyp2s1,D4A820,D4A820_RAT|protein,Files in cyp/rat_71,,
rat,Cyp2c55,F1LM03,F1LM03_RAT|protein,Files in cyp/rat_72,,
rat,Cyp2b14,F1LT33,F1LT33_RAT|protein,Files in cyp/rat_73,,
rat,Cyp2ac1,F1LXA4,F1LXA4_RAT|protein,Files in cyp/rat_74,,
rat,Cyp2b15,F1M6Z6,F1M6Z6_RAT|protein,Files in cyp/rat_75,,
rat,Cyp3a62,F7F0U1,F7F0U1_RAT|protein,Files in cyp/rat_76,,
rat,Cyp2b21,G3V9D2,G3V9D2_RAT|protein,Files in cyp/rat_77,,
rat,Cyp27b1,M0R3V1,M0R3V1_RAT|protein,Files in cyp/rat_78,,
rat,Cyp2c55,P33273,CP255_RAT|protein,Files in cyp/rat_79,,
rat,Cyp4f5,P51870,CP4F5_RAT|protein,Files in cyp/rat_80,,
rat,Cyp4f6,P51871,CP4F6_RAT|protein,Files in cyp/rat_81,,
rat,Cyp3a23-3a1,Q06884,Q06884_RAT|protein,Files in cyp/rat_82,,
rat,Cyp3a9,Q5PQX2,Q5PQX2_RAT|protein,Files in cyp/rat_83,,
rat,Cyp2b15,Q64583,CP2BF_RAT|protein,Files in cyp/rat_84,,
rat,Cyp3a62,Q8CJF2,Q8CJF2_RAT|protein,Files in cyp/rat_85,,
rat,Cyp4x1,Q8K4D6,CP4X1_RAT|protein,Files in cyp/rat_86,,
rat,Cyp2b21,Q9JJ02,Q9JJ02_RAT|protein,Files in cyp/rat_87,,
rat,Cyp2d1,A0A0G2JSU8,A0A0G2JSU8_RAT|protein,Files in cyp/rat_88,,
rat,,A0A0G2JT98,A0A0G2JT98_RAT|protein,Files in cyp/rat_89,,
rat,Cyp2a3,A0A0G2JXU4,A0A0G2JXU4_RAT|protein,Files in cyp/rat_90,,
rat,Cyp2d1,A0A0G2K0N7,A0A0G2K0N7_RAT|protein,Files in cyp/rat_91,,
rat,Cyp2a2,A0A0G2K193,A0A0G2K193_RAT|protein,Files in cyp/rat_92,,
rat,Cyp4f18,A0A0G2K1T1,A0A0G2K1T1_RAT|protein,Files in cyp/rat_93,,
rat,Cyp4f1,A0A0G2K3K4,A0A0G2K3K4_RAT|protein,Files in cyp/rat_94,,
rat,Cyp2a1,A0A0G2KAX4,A0A0G2KAX4_RAT|protein,Files in cyp/rat_95,,
rat,Cyp27a1,A0A0H2UHN7,A0A0H2UHN7_RAT|protein,Files in cyp/rat_96,,
rat,Cyp4f39,A0A1W2Q6E6,A0A1W2Q6E6_RAT|protein,Files in cyp/rat_97,,
rat,Cyp4f5,A6K954,A0A1W2Q6H4_RAT|protein,Files in cyp/rat_98,,
rat,Cyp3a18,A0A8I5YC28,A0A8I5YC28_RAT|protein,Files in cyp/rat_99,,
rat,Cyp2c13,A0A8I5ZKW5,A0A8I5ZKW5_RAT|protein,Files in cyp/rat_100,,
rat,,A0A8I5ZL64,A0A8I5ZL64_RAT|protein,Files in cyp/rat_101,,
rat,,A0A8I5ZLX8,A0A8I5ZLX8_RAT|protein,Files in cyp/rat_102,,
rat,Cyp3a23-3a1,A0A8I5ZUW6,A0A8I5ZUW6_RAT|protein,Files in cyp/rat_103,,
rat,Cyp2d5,A0A8I5ZWE8,A0A8I5ZWE8_RAT|protein,Files in cyp/rat_104,,
rat,Cyp20a1,A0A8I5ZX09,A0A8I5ZX09_RAT|protein,Files in cyp/rat_105,,
rat,,A0A8I6A0P6,A0A8I6A0P6_RAT|protein,Files in cyp/rat_106,,
rat,,A0A8I6A1G5,A0A8I6A1G5_RAT|protein,Files in cyp/rat_107,,
rat,Cyp24a1,A0A8I6A8M6,A0A8I6A8M6_RAT|protein,Files in cyp/rat_108,,
rat,,A0A8I6A8W9,A0A8I6A8W9_RAT|protein,Files in cyp/rat_109,,
rat,Cyp3a9,A0A8I6AFH9,A0A8I6AFH9_RAT|protein,Files in cyp/rat_110,,
rat,Cyp26b1,A0A8I6AMJ8,A0A8I6AMJ8_RAT|protein,Files in cyp/rat_111,,
rat,Cyp11b1,A0A8I6AMK4,A0A8I6AMK4_RAT|protein,Files in cyp/rat_112,,
rat,Cyp3a73,A0A8I6AR85,A0A8I6AR85_RAT|protein,Files in cyp/rat_113,,
rat,Cyp2b2,A0A8I6GGX5,A0A8I6GGX5_RAT|protein,Files in cyp/rat_114,,
rat,Cyp4a3,A0A8I6GLR5,A0A8I6GLR5_RAT|protein,Files in cyp/rat_115,,
rat,Cyp4f17,A0A8J8Y394,A0A8J8Y394_RAT|protein,Files in cyp/rat_116,,
rat,Cyp2g1,A0A8L2QF71,A0A8L2QF71_RAT|protein,Files in cyp/rat_117,,
rat,Cyp2d3,A0A8L2QP93,A0A8L2QP93_RAT|protein,Files in cyp/rat_118,,
rat,Cyp4f6,A0A8L2QSB3,A0A8L2QSB3_RAT|protein,Files in cyp/rat_119,,
rat,Cyp4f4,A0A8L2ULC7,A0A8L2ULC7_RAT|protein,Files in cyp/rat_120,,
rat,Cyp2c12,A0A9K3Y6X0,A0A9K3Y6X0_RAT|protein,Files in cyp/rat_121,,
rat,Cyp3a9,A0A9K3Y7I1,A0A9K3Y7I1_RAT|protein,Files in cyp/rat_122,,
rat,Cyp2d4,A6HT70,A6HT70_RAT|protein,Files in cyp/rat_123,,
rat,Cyp2d1,A6HT74,A6HT74_RAT|protein,Files in cyp/rat_124,,
rat,Cyp2d3,A6HT75,A6HT75_RAT|protein,Files in cyp/rat_125,,
rat,Cyp2d2,A6HT76,A6HT76_RAT|protein,Files in cyp/rat_126,,
rat,Cyp8b1,A6I465,A6I465_RAT|protein,Files in cyp/rat_127,,
rat,Cyp20a1,A6IPC5,A6IPC5_RAT|protein,Files in cyp/rat_128,,
rat,Cyp19a1,A6J4K7,A6J4K7_RAT|protein,Files in cyp/rat_129,,
rat,Cyp2b3,A6J997,A6J997_RAT|protein,Files in cyp/rat_130,,
rat,Cyp2b3,A6J998,A6J998_RAT|protein,Files in cyp/rat_131,,
rat,,A6J9A1,A6J9A1_RAT|protein,Files in cyp/rat_132,,
rat,Cyp2g1,A6J9A3,A6J9A3_RAT|protein,Files in cyp/rat_133,,
rat,Cyp2a1,A6J9A5,A6J9A5_RAT|protein,Files in cyp/rat_134,,
rat,Cyp2a2,A6J9A6,A6J9A6_RAT|protein,Files in cyp/rat_135,,
rat,Cyp2c22,A6JH55,A6JH55_RAT|protein,Files in cyp/rat_136,,
rat,Cyp39a1_predicted,A6JJ26,A6JJ26_RAT|protein,Files in cyp/rat_137,,
rat,Cyp24a1,A6JXS6,A6JXS6_RAT|protein,Files in cyp/rat_138,,
rat,Cyp4x1,A6JZ35,A6JZ35_RAT|protein,Files in cyp/rat_139,,
rat,Cyp4x1,A6JZ36,A6JZ36_RAT|protein,Files in cyp/rat_140,,
rat,Cyp4a3,A6JZ41,A6JZ41_RAT|protein,Files in cyp/rat_141,,
rat,Cyp4b1,A6JZ44,A6JZ44_RAT|protein,Files in cyp/rat_142,,
rat,Cyp3a18,A6K1D6,A6K1D6_RAT|protein,Files in cyp/rat_143,,
rat,Cyp3a2,A6K1D7,A6K1D7_RAT|protein,Files in cyp/rat_144,,
rat,Cyp4f5,A6K954,A6K954_RAT|protein,Files in cyp/rat_145,,
rat,Cyp4f4,A6K957,A6K957_RAT|protein,Files in cyp/rat_146,,
rat,Cyp4f4,A6K958,A6K958_RAT|protein,Files in cyp/rat_147,,
rat,Cyp4f1,A6K970,A6K970_RAT|protein,Files in cyp/rat_148,,
rat,Cyp4f18,A6K9R0,A6K9R0_RAT|protein,Files in cyp/rat_149,,
rat,Cyp2b1,B2GV28,B2GV28_RAT|protein,Files in cyp/rat_150,,
rat,Cyp2c22,B5AMZ7,B5AMZ7_RAT|protein,Files in cyp/rat_151,,
rat,Cyp4a3,D3ZHZ6,D3ZHZ6_RAT|protein,Files in cyp/rat_152,,
rat,Cyp4a3,D3ZJX6,D3ZJX6_RAT|protein,Files in cyp/rat_153,,
rat,Cyp4f40,D3ZTC9,D3ZTC9_RAT|protein,Files in cyp/rat_154,,
rat,,D4A1H9,D4A1H9_RAT|protein,Files in cyp/rat_155,,
rat,Cyp26c1,D4AAL3,D4AAL3_RAT|protein,Files in cyp/rat_156,,
rat,Cyp4f17,D4AB65,D4AB65_RAT|protein,Files in cyp/rat_157,,
rat,Cyp39a1,D4AE09,D4AE09_RAT|protein,Files in cyp/rat_158,,
rat,Cyp2b12,F1LMN1,F1LMN1_RAT|protein,Files in cyp/rat_159,,
rat,Cyp20a1,F1LSK6,F1LSK6_RAT|protein,Files in cyp/rat_160,,
rat,Cyp4f18,F1M7K8,F1M7K8_RAT|protein,Files in cyp/rat_161,,
rat,Cyp4a2,F1M7X1,F1M7X1_RAT|protein,Files in cyp/rat_162,,
rat,Cyp4f37,F7F0Y6,F7F0Y6_RAT|protein,Files in cyp/rat_163,,
rat,Cyp4f1,F7F3E1,F7F3E1_RAT|protein,Files in cyp/rat_164,,
rat,Cyp2b1,F7FBM8,F7FBM8_RAT|protein,Files in cyp/rat_165,,
rat,Cyp2d5,F7FD56,F7FD56_RAT|protein,Files in cyp/rat_166,,
rat,Cyp2c23,F7FDG2,F7FDG2_RAT|protein,Files in cyp/rat_167,,
rat,Cyp3a18,G3V635,G3V635_RAT|protein,Files in cyp/rat_168,,
rat,Cyp8b1,G3V8J2,G3V8J2_RAT|protein,Files in cyp/rat_169,,
rat,Cyp4a2l1,H7C5X2,H7C5X2_RAT|protein,Files in cyp/rat_170,,
rat,Cyp3a73,M0R6M9,M0R6M9_RAT|protein,Files in cyp/rat_171,,
rat,Cyp2c13,M0RD38,M0RD38_RAT|protein,Files in cyp/rat_172,,
rat,Cyp2c13,Q5I0P5,Q5I0P5_RAT|protein,Files in cyp/rat_173,,
rat,Cyp2d5,Q5I0P9,Q5I0P9_RAT|protein,Files in cyp/rat_174,,
rat,Cyp2c12,Q64648,Q64648_RAT|protein,Files in cyp/rat_175,,
rat,Cyp2c23,Q68G40,Q68G40_RAT|protein,Files in cyp/rat_176,,
rat,Cyp3a23-3a1,Q6LEQ2,Q6LEQ2_RAT|protein,Files in cyp/rat_177,,
rat,Cyp20a1,Q6P7D4,CP20A_RAT|protein,Files in cyp/rat_178,,
rat,Cyp4f37,Q9EQ70,Q9EQ70_RAT|protein,Files in cyp/rat_179,,
rat,Cyp20a1,A0A8I6A981,A0A8I6A981_RAT|protein,Files in cyp/rat_180,,
rat,Cyp4f4,A6K959,A6K959_RAT|protein,Files in cyp/rat_181,,
macaca_fascicularis,CYP1A2,A0A2K5U801,A0A2K5U801_MACFA|protein,Files in cyp/macaca_fascicularis_0,,
macaca_fascicularis,CYP1A1,A0A2K5VAK7,A0A2K5VAK7_MACFA|protein,Files in cyp/macaca_fascicularis_1,,
macaca_fascicularis,CYP2E1,A0A2K5VM26,A0A2K5VM26_MACFA|protein,Files in cyp/macaca_fascicularis_2,,
macaca_fascicularis,CYP2E1,A0A2K5VM43,A0A2K5VM43_MACFA|protein,Files in cyp/macaca_fascicularis_3,,
macaca_fascicularis,CYP1D1,A0A2K5VMH7,A0A2K5VMH7_MACFA|protein,Files in cyp/macaca_fascicularis_4,,
macaca_fascicularis,CYP1A2,A0A481YIE0,A0A481YIE0_MACFA|protein,Files in cyp/macaca_fascicularis_5,,
macaca_fascicularis,CYP1A1,A0A481YJW7,A0A481YJW7_MACFA|protein,Files in cyp/macaca_fascicularis_6,,
macaca_fascicularis,CYP2E1,A0A7N9CYM7,A0A7N9CYM7_MACFA|protein,Files in cyp/macaca_fascicularis_7,,
macaca_fascicularis,CYP1B1,A0A7N9D2X8,A0A7N9D2X8_MACFA|protein,Files in cyp/macaca_fascicularis_8,,
macaca_fascicularis,CYP1A2,A0A7N9D4P8,A0A7N9D4P8_MACFA|protein,Files in cyp/macaca_fascicularis_9,,
macaca_fascicularis,,A0A8J8YNV8,A0A8J8YNV8_MACFA|protein,Files in cyp/macaca_fascicularis_10,,
macaca_fascicularis,CYP2E1,E1B2U4,E1B2U4_MACFA|protein,Files in cyp/macaca_fascicularis_11,,
macaca_fascicularis,CYP1D1,G4V3Q8,G4V3Q8_MACFA|protein,Files in cyp/macaca_fascicularis_12,,
macaca_fascicularis,CYP1A1,G7P943,G7P943_MACFA|protein,Files in cyp/macaca_fascicularis_13,,
macaca_fascicularis,CYP1A2,O77809,CP1A2_MACFA|protein,Files in cyp/macaca_fascicularis_14,,
macaca_fascicularis,CYP1A1,P33616,CP1A1_MACFA|protein,Files in cyp/macaca_fascicularis_15,,
macaca_fascicularis,CYP27B1,A0A2K5TTY3,A0A2K5TTY3_MACFA|protein,Files in cyp/macaca_fascicularis_16,,
macaca_fascicularis,CYP4V2,A0A2K5U594,A0A2K5U594_MACFA|protein,Files in cyp/macaca_fascicularis_17,,
macaca_fascicularis,CYP3A7,A0A2K5VAA5,A0A2K5VAA5_MACFA|protein,Files in cyp/macaca_fascicularis_18,,
macaca_fascicularis,CYP3A43,A0A2K5X4I9,A0A2K5X4I9_MACFA|protein,Files in cyp/macaca_fascicularis_19,,
macaca_fascicularis,CYP3A43,A0A2K5X4K4,A0A2K5X4K4_MACFA|protein,Files in cyp/macaca_fascicularis_20,,
macaca_fascicularis,CYP3A43,A0A2K5X4L5,A0A2K5X4L5_MACFA|protein,Files in cyp/macaca_fascicularis_21,,
macaca_fascicularis,CYP26B1,A0A7N9IG73,A0A7N9IG73_MACFA|protein,Files in cyp/macaca_fascicularis_22,,
macaca_fascicularis,CYP2D8,A0A7N9IHK8,A0A7N9IHK8_MACFA|protein,Files in cyp/macaca_fascicularis_23,,
macaca_fascicularis,,G7P0B6,G7P0B6_MACFA|protein,Files in cyp/macaca_fascicularis_24,,
macaca_fascicularis,CYP3A8,P33268,CP3A8_MACFA|protein,Files in cyp/macaca_fascicularis_25,,
macaca_fascicularis,CYP2C43,Q0HA18,Q0HA18_MACFA|protein,Files in cyp/macaca_fascicularis_26,,
macaca_fascicularis,CYP2A26,A0A2K5U2R4,A0A2K5U2R4_MACFA|protein,Files in cyp/macaca_fascicularis_27,,
macaca_fascicularis,CYP2A13,A0A2K5V252,A0A2K5V252_MACFA|protein,Files in cyp/macaca_fascicularis_28,,
macaca_fascicularis,CYP2A26,A0A2K5V274,A0A2K5V274_MACFA|protein,Files in cyp/macaca_fascicularis_29,,
macaca_fascicularis,CYP3A7,A0A2K5VA57,A0A2K5VA57_MACFA|protein,Files in cyp/macaca_fascicularis_30,,
macaca_fascicularis,CYP2A24,A0A2K5VG22,A0A2K5VG22_MACFA|protein,Files in cyp/macaca_fascicularis_31,,
macaca_fascicularis,CYP2S1,A0A2K5VMJ7,A0A2K5VMJ7_MACFA|protein,Files in cyp/macaca_fascicularis_32,,
macaca_fascicularis,CYP2A23,A0A2K5VYP9,A0A2K5VYP9_MACFA|protein,Files in cyp/macaca_fascicularis_33,,
macaca_fascicularis,CYP2B6,A0A2K5W4H1,A0A2K5W4H1_MACFA|protein,Files in cyp/macaca_fascicularis_34,,
macaca_fascicularis,CYP3A5,A0A2K5W921,A0A2K5W921_MACFA|protein,Files in cyp/macaca_fascicularis_35,,
macaca_fascicularis,CYP2U1,A0A2K5WCA0,A0A2K5WCA0_MACFA|protein,Files in cyp/macaca_fascicularis_36,,
macaca_fascicularis,CYP3A4,A0A2K5WRF9,A0A2K5WRF9_MACFA|protein,Files in cyp/macaca_fascicularis_37,,
macaca_fascicularis,CYP24A1,A0A2K5WTI6,A0A2K5WTI6_MACFA|protein,Files in cyp/macaca_fascicularis_38,,
macaca_fascicularis,CYP26A1,A0A2K5WV20,A0A2K5WV20_MACFA|protein,Files in cyp/macaca_fascicularis_39,,
macaca_fascicularis,CYP2G2,A0A2K5WXK5,A0A2K5WXK5_MACFA|protein,Files in cyp/macaca_fascicularis_40,,
macaca_fascicularis,CYP2U1,A0A7N9C9E2,A0A7N9C9E2_MACFA|protein,Files in cyp/macaca_fascicularis_41,,
macaca_fascicularis,CYP2C8,A0A7N9CAV6,A0A7N9CAV6_MACFA|protein,Files in cyp/macaca_fascicularis_42,,
macaca_fascicularis,CYP3A4,A0A7N9CK59,A0A7N9CK59_MACFA|protein,Files in cyp/macaca_fascicularis_43,,
macaca_fascicularis,CYP3A4,A0A7N9CKF5,A0A7N9CKF5_MACFA|protein,Files in cyp/macaca_fascicularis_44,,
macaca_fascicularis,CYP3A4,A0A7N9CRQ9,A0A7N9CRQ9_MACFA|protein,Files in cyp/macaca_fascicularis_45,,
macaca_fascicularis,CYP3A4,A0A7N9D329,A0A7N9D329_MACFA|protein,Files in cyp/macaca_fascicularis_46,,
macaca_fascicularis,CYP3A4,A0A7N9D3J7,A0A7N9D3J7_MACFA|protein,Files in cyp/macaca_fascicularis_47,,
macaca_fascicularis,CYP3A7,A0A7N9IAX9,A0A7N9IAX9_MACFA|protein,Files in cyp/macaca_fascicularis_48,,
macaca_fascicularis,CYP3A4,A0A805RHD6,A0A805RHD6_MACFA|protein,Files in cyp/macaca_fascicularis_49,,
macaca_fascicularis,CYP2A23,A8CBQ4,A8CBQ4_MACFA|protein,Files in cyp/macaca_fascicularis_50,,
macaca_fascicularis,CYP2A24,A8CBQ7,A8CBQ7_MACFA|protein,Files in cyp/macaca_fascicularis_51,,
macaca_fascicularis,CYP3A5,A8CBR0,A8CBR0_MACFA|protein,Files in cyp/macaca_fascicularis_52,,
macaca_fascicularis,CYP4F45,A8CBR4,A8CBR4_MACFA|protein,Files in cyp/macaca_fascicularis_53,,
macaca_fascicularis,CYP,B1Q2L6,B1Q2L6_MACFA|protein,Files in cyp/macaca_fascicularis_54,,
macaca_fascicularis,CYP2B6,B8K1S9,B8K1S9_MACFA|protein,Files in cyp/macaca_fascicularis_55,,
macaca_fascicularis,CYP3A43,B8K1T0,B8K1T0_MACFA|protein,Files in cyp/macaca_fascicularis_56,,
macaca_fascicularis,CYP2A26,E0XJT2,E0XJT2_MACFA|protein,Files in cyp/macaca_fascicularis_57,,
macaca_fascicularis,CYP2G2,F2VJZ3,F2VJZ3_MACFA|protein,Files in cyp/macaca_fascicularis_58,,
macaca_fascicularis,,G7P0B4,G7P0B4_MACFA|protein,Files in cyp/macaca_fascicularis_59,,
macaca_fascicularis,,G7P252,G7P252_MACFA|protein,Files in cyp/macaca_fascicularis_60,,
macaca_fascicularis,,G7PDK3,G7PDK3_MACFA|protein,Files in cyp/macaca_fascicularis_61,,
macaca_fascicularis,,G7PXN0,G7PXN0_MACFA|protein,Files in cyp/macaca_fascicularis_62,,
macaca_fascicularis,CYP2C20,P33262,CP2CK_MACFA|protein,Files in cyp/macaca_fascicularis_63,,
macaca_fascicularis,,A0A1P8NQJ6,A0A1P8NQJ6_MACFA|protein,Files in cyp/macaca_fascicularis_64,,
macaca_fascicularis,,A0A2K5TJ11,A0A2K5TJ11_MACFA|protein,Files in cyp/macaca_fascicularis_65,,
macaca_fascicularis,CYP27A1,A0A2K5TPY6,A0A2K5TPY6_MACFA|protein,Files in cyp/macaca_fascicularis_66,,
macaca_fascicularis,CYP27A1,A0A2K5TPZ2,A0A2K5TPZ2_MACFA|protein,Files in cyp/macaca_fascicularis_67,,
macaca_fascicularis,CYP27A1,A0A2K5TQ04,A0A2K5TQ04_MACFA|protein,Files in cyp/macaca_fascicularis_68,,
macaca_fascicularis,CYP2A24,A0A2K5U2J0,A0A2K5U2J0_MACFA|protein,Files in cyp/macaca_fascicularis_69,,
macaca_fascicularis,CYP39A1,A0A2K5UIB6,A0A2K5UIB6_MACFA|protein,Files in cyp/macaca_fascicularis_70,,
macaca_fascicularis,CYP39A1,A0A2K5UIC6,A0A2K5UIC6_MACFA|protein,Files in cyp/macaca_fascicularis_71,,
macaca_fascicularis,CYP11B2,A0A2K5ULU3,A0A2K5ULU3_MACFA|protein,Files in cyp/macaca_fascicularis_72,,
macaca_fascicularis,CYP11B2,A0A2K5ULY1,A0A2K5ULY1_MACFA|protein,Files in cyp/macaca_fascicularis_73,,
macaca_fascicularis,CYP1B1,A0A2K5UT62,A0A2K5UT62_MACFA|protein,Files in cyp/macaca_fascicularis_74,,
macaca_fascicularis,CYP4F11,A0A2K5UTM5,A0A2K5UTM5_MACFA|protein,Files in cyp/macaca_fascicularis_75,,
macaca_fascicularis,CYP4F11,A0A2K5UX09,A0A2K5UX09_MACFA|protein,Files in cyp/macaca_fascicularis_76,,
macaca_fascicularis,CYP2W1,A0A2K5V1K5,A0A2K5V1K5_MACFA|protein,Files in cyp/macaca_fascicularis_77,,
macaca_fascicularis,CYP4A11,A0A2K5V2U3,A0A2K5V2U3_MACFA|protein,Files in cyp/macaca_fascicularis_78,,
macaca_fascicularis,CYP4A11,A0A2K5V2V7,A0A2K5V2V7_MACFA|protein,Files in cyp/macaca_fascicularis_79,,
macaca_fascicularis,CYP2C93,A0A2K5V320,A0A2K5V320_MACFA|protein,Files in cyp/macaca_fascicularis_80,,
macaca_fascicularis,CYP2D8,A0A2K5V999,A0A2K5V999_MACFA|protein,Files in cyp/macaca_fascicularis_81,,
macaca_fascicularis,CYP2D8,A0A2K5V9C0,A0A2K5V9C0_MACFA|protein,Files in cyp/macaca_fascicularis_82,,
macaca_fascicularis,CYP4F3,A0A2K5VA95,A0A2K5VA95_MACFA|protein,Files in cyp/macaca_fascicularis_83,,
macaca_fascicularis,CYP4F11,A0A2K5VAA8,A0A2K5VAA8_MACFA|protein,Files in cyp/macaca_fascicularis_84,,
macaca_fascicularis,CYP4F22,A0A2K5VE55,A0A2K5VE55_MACFA|protein,Files in cyp/macaca_fascicularis_85,,
macaca_fascicularis,CYP4F57,A0A2K5VTK9,A0A2K5VTK9_MACFA|protein,Files in cyp/macaca_fascicularis_86,,
macaca_fascicularis,,A0A2K5VX46,A0A2K5VX46_MACFA|protein,Files in cyp/macaca_fascicularis_87,,
macaca_fascicularis,CYP2D8,A0A2K5W0R8,A0A2K5W0R8_MACFA|protein,Files in cyp/macaca_fascicularis_88,,
macaca_fascicularis,CYP2D8,A0A2K5W112,A0A2K5W112_MACFA|protein,Files in cyp/macaca_fascicularis_89,,
macaca_fascicularis,CYP20A1,A0A2K5W3P5,A0A2K5W3P5_MACFA|protein,Files in cyp/macaca_fascicularis_90,,
macaca_fascicularis,CYP2B6,A0A2K5W4H6,A0A2K5W4H6_MACFA|protein,Files in cyp/macaca_fascicularis_91,,
macaca_fascicularis,CYP2C8,A0A2K5WFG8,A0A2K5WFG8_MACFA|protein,Files in cyp/macaca_fascicularis_92,,
macaca_fascicularis,CYP2C8,A0A2K5WFH2,A0A2K5WFH2_MACFA|protein,Files in cyp/macaca_fascicularis_93,,
macaca_fascicularis,CYP2C8,A0A2K5WFH7,A0A2K5WFH7_MACFA|protein,Files in cyp/macaca_fascicularis_94,,
macaca_fascicularis,CYP24A1,A0A2K5WTI8,A0A2K5WTI8_MACFA|protein,Files in cyp/macaca_fascicularis_95,,
macaca_fascicularis,CYP4F11,A0A2K5WU79,A0A2K5WU79_MACFA|protein,Files in cyp/macaca_fascicularis_96,,
macaca_fascicularis,CYP26B1,A0A2K5WXQ2,A0A2K5WXQ2_MACFA|protein,Files in cyp/macaca_fascicularis_97,,
macaca_fascicularis,CYP20A1,A0A2K5X0Z3,A0A2K5X0Z3_MACFA|protein,Files in cyp/macaca_fascicularis_98,,
macaca_fascicularis,CYP8B1,A0A2K5X260,A0A2K5X260_MACFA|protein,Files in cyp/macaca_fascicularis_99,,
macaca_fascicularis,CYP4F11,A0A2K5X292,A0A2K5X292_MACFA|protein,Files in cyp/macaca_fascicularis_100,,
macaca_fascicularis,CYP4F11,A0A2K5X2E5,A0A2K5X2E5_MACFA|protein,Files in cyp/macaca_fascicularis_101,,
macaca_fascicularis,CYP4F11,A0A2K5X2F0,A0A2K5X2F0_MACFA|protein,Files in cyp/macaca_fascicularis_102,,
macaca_fascicularis,CYP4F11,A0A2K5X2W1,A0A2K5X2W1_MACFA|protein,Files in cyp/macaca_fascicularis_103,,
macaca_fascicularis,CYP3A43,A0A2K5X418,A0A2K5X418_MACFA|protein,Files in cyp/macaca_fascicularis_104,,
macaca_fascicularis,CYP3A43,A0A2K5X482,A0A2K5X482_MACFA|protein,Files in cyp/macaca_fascicularis_105,,
macaca_fascicularis,CYP4X1,A0A2K5X8R7,A0A2K5X8R7_MACFA|protein,Files in cyp/macaca_fascicularis_106,,
macaca_fascicularis,CYP4X1,A0A2K5X8S4,A0A2K5X8S4_MACFA|protein,Files in cyp/macaca_fascicularis_107,,
macaca_fascicularis,CYP2F1,A0A3P8MH36,A0A3P8MH36_MACFA|protein,Files in cyp/macaca_fascicularis_108,,
macaca_fascicularis,CYP2J2,A0A7N9C919,A0A7N9C919_MACFA|protein,Files in cyp/macaca_fascicularis_109,,
macaca_fascicularis,CYP20A1,A0A7N9CCX5,A0A7N9CCX5_MACFA|protein,Files in cyp/macaca_fascicularis_110,,
macaca_fascicularis,CYP27A1,A0A7N9CFF4,A0A7N9CFF4_MACFA|protein,Files in cyp/macaca_fascicularis_111,,
macaca_fascicularis,CYP2C8,A0A7N9CHU9,A0A7N9CHU9_MACFA|protein,Files in cyp/macaca_fascicularis_112,,
macaca_fascicularis,CYP11B2,A0A7N9CIQ6,A0A7N9CIQ6_MACFA|protein,Files in cyp/macaca_fascicularis_113,,
macaca_fascicularis,,A0A7N9CJ30,A0A7N9CJ30_MACFA|protein,Files in cyp/macaca_fascicularis_114,,
macaca_fascicularis,CYP4B1,A0A7N9CJT5,A0A7N9CJT5_MACFA|protein,Files in cyp/macaca_fascicularis_115,,
macaca_fascicularis,CYP4V2,A0A7N9CS94,A0A7N9CS94_MACFA|protein,Files in cyp/macaca_fascicularis_116,,
macaca_fascicularis,CYP2S1,A0A7N9CSM9,A0A7N9CSM9_MACFA|protein,Files in cyp/macaca_fascicularis_117,,
macaca_fascicularis,CYP39A1,A0A7N9CT18,A0A7N9CT18_MACFA|protein,Files in cyp/macaca_fascicularis_118,,
macaca_fascicularis,,A0A7N9CV54,A0A7N9CV54_MACFA|protein,Files in cyp/macaca_fascicularis_119,,
macaca_fascicularis,,A0A7N9CYT0,A0A7N9CYT0_MACFA|protein,Files in cyp/macaca_fascicularis_120,,
macaca_fascicularis,CYP27A1,A0A7N9D1N5,A0A7N9D1N5_MACFA|protein,Files in cyp/macaca_fascicularis_121,,
macaca_fascicularis,,A0A7N9D3F6,A0A7N9D3F6_MACFA|protein,Files in cyp/macaca_fascicularis_122,,
macaca_fascicularis,CYP27A1,A0A7N9DBE5,A0A7N9DBE5_MACFA|protein,Files in cyp/macaca_fascicularis_123,,
macaca_fascicularis,CYP4F11,A0A7N9DD65,A0A7N9DD65_MACFA|protein,Files in cyp/macaca_fascicularis_124,,
macaca_fascicularis,,A0A7N9DEM8,A0A7N9DEM8_MACFA|protein,Files in cyp/macaca_fascicularis_125,,
macaca_fascicularis,CYP20A1,A0A7N9DF27,A0A7N9DF27_MACFA|protein,Files in cyp/macaca_fascicularis_126,,
macaca_fascicularis,CYP4V2,A0A7N9I9F9,A0A7N9I9F9_MACFA|protein,Files in cyp/macaca_fascicularis_127,,
macaca_fascicularis,CYP4F11,A0A7N9I9J1,A0A7N9I9J1_MACFA|protein,Files in cyp/macaca_fascicularis_128,,
macaca_fascicularis,CYP26C1,A0A7N9IFH2,A0A7N9IFH2_MACFA|protein,Files in cyp/macaca_fascicularis_129,,
macaca_fascicularis,CYP2F1,A0A7N9IGN4,A0A7N9IGN4_MACFA|protein,Files in cyp/macaca_fascicularis_130,,
macaca_fascicularis,CYP2J2,A8CBQ8,A8CBQ8_MACFA|protein,Files in cyp/macaca_fascicularis_131,,
macaca_fascicularis,CYP4A11,A8CBR2,A8CBR2_MACFA|protein,Files in cyp/macaca_fascicularis_132,,
macaca_fascicularis,CYP4F3v2,A8CBR6,A8CBR6_MACFA|protein,Files in cyp/macaca_fascicularis_133,,
macaca_fascicularis,CYP4F11,A8CBR8,A8CBR8_MACFA|protein,Files in cyp/macaca_fascicularis_134,,
macaca_fascicularis,CYP4F12,A8CBS0,A8CBS0_MACFA|protein,Files in cyp/macaca_fascicularis_135,,
macaca_fascicularis,CYP27A1,B8K1T2,B8K1T2_MACFA|protein,Files in cyp/macaca_fascicularis_136,,
macaca_fascicularis,CYP2D44,D8KWQ4,D8KWQ4_MACFA|protein,Files in cyp/macaca_fascicularis_137,,
macaca_fascicularis,CYP2D17,D9DB13,D9DB13_MACFA|protein,Files in cyp/macaca_fascicularis_138,,
macaca_fascicularis,CYP4B1,G7NVM3,G7NVM3_MACFA|protein,Files in cyp/macaca_fascicularis_139,,
macaca_fascicularis,,G7NW05,G7NW05_MACFA|protein,Files in cyp/macaca_fascicularis_140,,
macaca_fascicularis,,G7NY62,G7NY62_MACFA|protein,Files in cyp/macaca_fascicularis_141,,
macaca_fascicularis,,G7PDL7,G7PDL7_MACFA|protein,Files in cyp/macaca_fascicularis_142,,
macaca_fascicularis,,G7PDL8,G7PDL8_MACFA|protein,Files in cyp/macaca_fascicularis_143,,
macaca_fascicularis,,G7PFP8,G7PFP8_MACFA|protein,Files in cyp/macaca_fascicularis_144,,
macaca_fascicularis,,G7PL85,G7PL85_MACFA|protein,Files in cyp/macaca_fascicularis_145,,
macaca_fascicularis,,G7PLG0,G7PLG0_MACFA|protein,Files in cyp/macaca_fascicularis_146,,
macaca_fascicularis,CYP27C1,G7PLG2,G7PLG2_MACFA|protein,Files in cyp/macaca_fascicularis_147,,
macaca_fascicularis,,G7PZN7,G7PZN7_MACFA|protein,Files in cyp/macaca_fascicularis_148,,
macaca_fascicularis,,G7PZP0,G7PZP0_MACFA|protein,Files in cyp/macaca_fascicularis_149,,
macaca_fascicularis,,G7PZP1,G7PZP1_MACFA|protein,Files in cyp/macaca_fascicularis_150,,
macaca_fascicularis,,G7PZP6,G7PZP6_MACFA|protein,Files in cyp/macaca_fascicularis_151,,
macaca_fascicularis,,G8F4I1,G8F4I1_MACFA|protein,Files in cyp/macaca_fascicularis_152,,
macaca_fascicularis,CYP2C76,Q0HA17,Q0HA17_MACFA|protein,Files in cyp/macaca_fascicularis_153,,
macaca_fascicularis,CYP2D17,Q29488,CP2DH_MACFA|protein,Files in cyp/macaca_fascicularis_154,,
macaca_fascicularis,,Q4R7W2,Q4R7W2_MACFA|protein,Files in cyp/macaca_fascicularis_155,,
macaca_fascicularis,CYP27A1,Q60HG5,Q60HG5_MACFA|protein,Files in cyp/macaca_fascicularis_156,,
macaca_fascicularis,CYP20A1,A0A088G4T6,A0A088G4T6_MACFA|protein,Files in cyp/macaca_fascicularis_157,,
macaca_fascicularis,CYP4B1,A0A2K5UUG9,A0A2K5UUG9_MACFA|protein,Files in cyp/macaca_fascicularis_158,,
macaca_fascicularis,CYP20A1,A0A2K5W3P6,A0A2K5W3P6_MACFA|protein,Files in cyp/macaca_fascicularis_159,,
macaca_fascicularis,CYP19A1,A0A2K5WLY1,A0A2K5WLY1_MACFA|protein,Files in cyp/macaca_fascicularis_160,,
macaca_fascicularis,CYP19A1,A0A7N9CX18,A0A7N9CX18_MACFA|protein,Files in cyp/macaca_fascicularis_161,,
macaca_mulatta,CYP2E1,A0A1D5R8W3,A0A1D5R8W3_MACMU|protein,Files in cyp/macaca_mulatta_0,,
macaca_mulatta,,A0A5F7ZNA4,A0A5F7ZNA4_MACMU|protein,Files in cyp/macaca_mulatta_1,,
macaca_mulatta,CYP1B1,F6SEA8,F6SEA8_MACMU|protein,Files in cyp/macaca_mulatta_2,,
macaca_mulatta,CYP3A43,F7A3W6,F7A3W6_MACMU|protein,Files in cyp/macaca_mulatta_3,,
macaca_mulatta,CYP1D1,F7D7J7,F7D7J7_MACMU|protein,Files in cyp/macaca_mulatta_4,,
macaca_mulatta,CYP1A2,F7EIM3,F7EIM3_MACMU|protein,Files in cyp/macaca_mulatta_5,,
macaca_mulatta,CYP1D1,G4V3Q9,G4V3Q9_MACMU|protein,Files in cyp/macaca_mulatta_6,,
macaca_mulatta,CYP1A1,G7MY68,G7MY68_MACMU|protein,Files in cyp/macaca_mulatta_7,,
macaca_mulatta,CYP2E1,Q6GUQ4,CP2E1_MACMU|protein,Files in cyp/macaca_mulatta_8,,
macaca_mulatta,CYP1A1,Q6GUR1,CP1A1_MACMU|protein,Files in cyp/macaca_mulatta_9,,
macaca_mulatta,CYP2E1,A0A1D5QML3,A0A1D5QML3_MACMU|protein,Files in cyp/macaca_mulatta_10,,
macaca_mulatta,CYP2U1,A0A5F7ZLK9,A0A5F7ZLK9_MACMU|protein,Files in cyp/macaca_mulatta_11,,
macaca_mulatta,cyp3a43,B1NL87,B1NL87_MACMU|protein,Files in cyp/macaca_mulatta_12,,
macaca_mulatta,CYP4V2,F6PJB6,F6PJB6_MACMU|protein,Files in cyp/macaca_mulatta_13,,
macaca_mulatta,CYP26B1,F6XZ76,F6XZ76_MACMU|protein,Files in cyp/macaca_mulatta_14,,
macaca_mulatta,CYP2S1,F6Z1D0,F6Z1D0_MACMU|protein,Files in cyp/macaca_mulatta_15,,
macaca_mulatta,CYP3A43,F7A3T2,F7A3T2_MACMU|protein,Files in cyp/macaca_mulatta_16,,
macaca_mulatta,CYP2W1,F7EQI8,F7EQI8_MACMU|protein,Files in cyp/macaca_mulatta_17,,
macaca_mulatta,CYP3A43,F7EXG7,F7EXG7_MACMU|protein,Files in cyp/macaca_mulatta_18,,
macaca_mulatta,,G8F199,G8F199_MACMU|protein,Files in cyp/macaca_mulatta_19,,
macaca_mulatta,CYP4V2,H9EWH9,H9EWH9_MACMU|protein,Files in cyp/macaca_mulatta_20,,
macaca_mulatta,LOC114675607,A0A1D5QN40,A0A1D5QN40_MACMU|protein,Files in cyp/macaca_mulatta_21,,
macaca_mulatta,CYP2A29,A0A1D5R2X7,A0A1D5R2X7_MACMU|protein,Files in cyp/macaca_mulatta_22,,
macaca_mulatta,CYP2A26,A0A1D5R6Q6,A0A1D5R6Q6_MACMU|protein,Files in cyp/macaca_mulatta_23,,
macaca_mulatta,,A0A5F7ZH34,A0A5F7ZH34_MACMU|protein,Files in cyp/macaca_mulatta_24,,
macaca_mulatta,CYP2U1,A0A5F8AFV2,A0A5F8AFV2_MACMU|protein,Files in cyp/macaca_mulatta_25,,
macaca_mulatta,CYP26A1,A0A5F8AMC6,A0A5F8AMC6_MACMU|protein,Files in cyp/macaca_mulatta_26,,
macaca_mulatta,CYP2A23,A0A5F8AP61,A0A5F8AP61_MACMU|protein,Files in cyp/macaca_mulatta_27,,
macaca_mulatta,CYP2D6,A0A5K1VME9,A0A5K1VME9_MACMU|protein,Files in cyp/macaca_mulatta_28,,
macaca_mulatta,CYP4A11,F6XRK1,F6XRK1_MACMU|protein,Files in cyp/macaca_mulatta_29,,
macaca_mulatta,CYP2J2,F6XVL2,F6XVL2_MACMU|protein,Files in cyp/macaca_mulatta_30,,
macaca_mulatta,CYP11B1,F7A4J7,F7A4J7_MACMU|protein,Files in cyp/macaca_mulatta_31,,
macaca_mulatta,CYP3A7,F7DPC7,F7DPC7_MACMU|protein,Files in cyp/macaca_mulatta_32,,
macaca_mulatta,CYP2C76,F7EFQ6,F7EFQ6_MACMU|protein,Files in cyp/macaca_mulatta_33,,
macaca_mulatta,CYP3A7,F7EXH2,F7EXH2_MACMU|protein,Files in cyp/macaca_mulatta_34,,
macaca_mulatta,CYP26A1,F7FWJ2,F7FWJ2_MACMU|protein,Files in cyp/macaca_mulatta_35,,
macaca_mulatta,CYP4F11,F7G1R4,F7G1R4_MACMU|protein,Files in cyp/macaca_mulatta_36,,
macaca_mulatta,CYP4A45,F7GTB4,F7GTB4_MACMU|protein,Files in cyp/macaca_mulatta_37,,
macaca_mulatta,CYP27B1,F7H3A6,F7H3A6_MACMU|protein,Files in cyp/macaca_mulatta_38,,
macaca_mulatta,CYP2G2,F7H3M7,F7H3M7_MACMU|protein,Files in cyp/macaca_mulatta_39,,
macaca_mulatta,,G7MNE5,G7MNE5_MACMU|protein,Files in cyp/macaca_mulatta_40,,
macaca_mulatta,,G7N2K5,G7N2K5_MACMU|protein,Files in cyp/macaca_mulatta_41,,
macaca_mulatta,CYP2D42,Q6GUQ5,Q6GUQ5_MACMU|protein,Files in cyp/macaca_mulatta_42,,
macaca_mulatta,CYP8B1,A0A1D5Q2F4,A0A1D5Q2F4_MACMU|protein,Files in cyp/macaca_mulatta_43,,
macaca_mulatta,CYP24A1,A0A1D5Q2L7,A0A1D5Q2L7_MACMU|protein,Files in cyp/macaca_mulatta_44,,
macaca_mulatta,CYP39A1,A0A1D5Q402,A0A1D5Q402_MACMU|protein,Files in cyp/macaca_mulatta_45,,
macaca_mulatta,CYP2A26,A0A1D5R3N7,A0A1D5R3N7_MACMU|protein,Files in cyp/macaca_mulatta_46,,
macaca_mulatta,CYP2A26,A0A1D5R4N5,A0A1D5R4N5_MACMU|protein,Files in cyp/macaca_mulatta_47,,
macaca_mulatta,CYP20A1,A0A1D5R825,A0A1D5R825_MACMU|protein,Files in cyp/macaca_mulatta_48,,
macaca_mulatta,CYP2A26,A0A1D5RCD3,A0A1D5RCD3_MACMU|protein,Files in cyp/macaca_mulatta_49,,
macaca_mulatta,CYP2D44,A0A4P1TMP0,A0A4P1TMP0_MACMU|protein,Files in cyp/macaca_mulatta_50,,
macaca_mulatta,CYP2D17,A0A4P1TPK1,A0A4P1TPK1_MACMU|protein,Files in cyp/macaca_mulatta_51,,
macaca_mulatta,CYP4F11,A0A5F7Z7K2,A0A5F7Z7K2_MACMU|protein,Files in cyp/macaca_mulatta_52,,
macaca_mulatta,CYP4F2,A0A5F7Z900,A0A5F7Z900_MACMU|protein,Files in cyp/macaca_mulatta_53,,
macaca_mulatta,CYP4F8,A0A5F7ZBC7,A0A5F7ZBC7_MACMU|protein,Files in cyp/macaca_mulatta_54,,
macaca_mulatta,CYP2C76,A0A5F7ZG41,A0A5F7ZG41_MACMU|protein,Files in cyp/macaca_mulatta_55,,
macaca_mulatta,CYP39A1,A0A5F7ZI97,A0A5F7ZI97_MACMU|protein,Files in cyp/macaca_mulatta_56,,
macaca_mulatta,CYP4F12,A0A5F7ZII0,A0A5F7ZII0_MACMU|protein,Files in cyp/macaca_mulatta_57,,
macaca_mulatta,CYP4F8,A0A5F7ZKL2,A0A5F7ZKL2_MACMU|protein,Files in cyp/macaca_mulatta_58,,
macaca_mulatta,CYP4F12,A0A5F7ZKX3,A0A5F7ZKX3_MACMU|protein,Files in cyp/macaca_mulatta_59,,
macaca_mulatta,CYP20A1,A0A5F7ZRD0,A0A5F7ZRD0_MACMU|protein,Files in cyp/macaca_mulatta_60,,
macaca_mulatta,CYP2C93,A0A5F7ZRI2,A0A5F7ZRI2_MACMU|protein,Files in cyp/macaca_mulatta_61,,
macaca_mulatta,CYP27A1,A0A5F7ZSQ4,A0A5F7ZSQ4_MACMU|protein,Files in cyp/macaca_mulatta_62,,
macaca_mulatta,CYP2A26,A0A5F7ZSZ0,A0A5F7ZSZ0_MACMU|protein,Files in cyp/macaca_mulatta_63,,
macaca_mulatta,CYP27A1,A0A5F8A4I9,A0A5F8A4I9_MACMU|protein,Files in cyp/macaca_mulatta_64,,
macaca_mulatta,CYP3A7,A0A5F8A5R2,A0A5F8A5R2_MACMU|protein,Files in cyp/macaca_mulatta_65,,
macaca_mulatta,CYP2C93,A0A5F8A8B6,A0A5F8A8B6_MACMU|protein,Files in cyp/macaca_mulatta_66,,
macaca_mulatta,CYP2A26,A0A5F8AC59,A0A5F8AC59_MACMU|protein,Files in cyp/macaca_mulatta_67,,
macaca_mulatta,CYP20A1,A0A5F8AFE2,A0A5F8AFE2_MACMU|protein,Files in cyp/macaca_mulatta_68,,
macaca_mulatta,CYP4F8,A0A5F8AHF0,A0A5F8AHF0_MACMU|protein,Files in cyp/macaca_mulatta_69,,
macaca_mulatta,CYP27A1,A0A5F8AI68,A0A5F8AI68_MACMU|protein,Files in cyp/macaca_mulatta_70,,
macaca_mulatta,CYP20A1,A0A5F8AJ45,A0A5F8AJ45_MACMU|protein,Files in cyp/macaca_mulatta_71,,
macaca_mulatta,CYP20A1,A0A5F8AK40,A0A5F8AK40_MACMU|protein,Files in cyp/macaca_mulatta_72,,
macaca_mulatta,CYP4F8,A0A5F8ARU1,A0A5F8ARU1_MACMU|protein,Files in cyp/macaca_mulatta_73,,
macaca_mulatta,CYP3A7,A0A5K1UDW5,A0A5K1UDW5_MACMU|protein,Files in cyp/macaca_mulatta_74,,
macaca_mulatta,,A0A8J8XB98,A0A8J8XB98_MACMU|protein,Files in cyp/macaca_mulatta_75,,
macaca_mulatta,,A0A8J8Y3G2,A0A8J8Y3G2_MACMU|protein,Files in cyp/macaca_mulatta_76,,
macaca_mulatta,CYP2C76,D5FF20,D5FF20_MACMU|protein,Files in cyp/macaca_mulatta_77,,
macaca_mulatta,CYP2A26,E0XJT3,E0XJT3_MACMU|protein,Files in cyp/macaca_mulatta_78,,
macaca_mulatta,CYP2C93,F1ADG8,F1ADG8_MACMU|protein,Files in cyp/macaca_mulatta_79,,
macaca_mulatta,CYP4F22,F6PRN1,F6PRN1_MACMU|protein,Files in cyp/macaca_mulatta_80,,
macaca_mulatta,CYP39A1,F6QGA0,F6QGA0_MACMU|protein,Files in cyp/macaca_mulatta_81,,
macaca_mulatta,CYP4F11,F6R125,F6R125_MACMU|protein,Files in cyp/macaca_mulatta_82,,
macaca_mulatta,CYP2C19,F6RN64,F6RN64_MACMU|protein,Files in cyp/macaca_mulatta_83,,
macaca_mulatta,CYP20A1,F6VHS1,F6VHS1_MACMU|protein,Files in cyp/macaca_mulatta_84,,
macaca_mulatta,CYP4X1,F6X025,F6X025_MACMU|protein,Files in cyp/macaca_mulatta_85,,
macaca_mulatta,CYP2C18,F6XQK6,F6XQK6_MACMU|protein,Files in cyp/macaca_mulatta_86,,
macaca_mulatta,CYP3A7,F7A4D9,F7A4D9_MACMU|protein,Files in cyp/macaca_mulatta_87,,
macaca_mulatta,CYP3A7,F7DPC1,F7DPC1_MACMU|protein,Files in cyp/macaca_mulatta_88,,
macaca_mulatta,CYP26C1,F7EFN0,F7EFN0_MACMU|protein,Files in cyp/macaca_mulatta_89,,
macaca_mulatta,CYP4F11,F7F854,F7F854_MACMU|protein,Files in cyp/macaca_mulatta_90,,
macaca_mulatta,CYP4F8,F7G1Q8,F7G1Q8_MACMU|protein,Files in cyp/macaca_mulatta_91,,
macaca_mulatta,CYP3A43,F7GFZ4,F7GFZ4_MACMU|protein,Files in cyp/macaca_mulatta_92,,
macaca_mulatta,CYP4B1,F7GR86,F7GR86_MACMU|protein,Files in cyp/macaca_mulatta_93,,
macaca_mulatta,CYP4A45,F7GR88,F7GR88_MACMU|protein,Files in cyp/macaca_mulatta_94,,
macaca_mulatta,CYP4A11,F7GR90,F7GR90_MACMU|protein,Files in cyp/macaca_mulatta_95,,
macaca_mulatta,CYP2A26,F7GWT6,F7GWT6_MACMU|protein,Files in cyp/macaca_mulatta_96,,
macaca_mulatta,CYP2A26,F7GWT8,F7GWT8_MACMU|protein,Files in cyp/macaca_mulatta_97,,
macaca_mulatta,CYP4F8,F7GXR5,F7GXR5_MACMU|protein,Files in cyp/macaca_mulatta_98,,
macaca_mulatta,CYP2A26,F7GYF8,F7GYF8_MACMU|protein,Files in cyp/macaca_mulatta_99,,
macaca_mulatta,CYP2A26,F7GYG0,F7GYG0_MACMU|protein,Files in cyp/macaca_mulatta_100,,
macaca_mulatta,CYP2C93,F7H678,F7H678_MACMU|protein,Files in cyp/macaca_mulatta_101,,
macaca_mulatta,CYP2C18,F7H899,F7H899_MACMU|protein,Files in cyp/macaca_mulatta_102,,
macaca_mulatta,CYP27A1,F7HD06,F7HD06_MACMU|protein,Files in cyp/macaca_mulatta_103,,
macaca_mulatta,,G7MGX3,G7MGX3_MACMU|protein,Files in cyp/macaca_mulatta_104,,
macaca_mulatta,,G7MGX4,G7MGX4_MACMU|protein,Files in cyp/macaca_mulatta_105,,
macaca_mulatta,,G7MHA6,G7MHA6_MACMU|protein,Files in cyp/macaca_mulatta_106,,
macaca_mulatta,,G7MIX4,G7MIX4_MACMU|protein,Files in cyp/macaca_mulatta_107,,
macaca_mulatta,,G7MNS0,G7MNS0_MACMU|protein,Files in cyp/macaca_mulatta_108,,
macaca_mulatta,,G7MNS1,G7MNS1_MACMU|protein,Files in cyp/macaca_mulatta_109,,
macaca_mulatta,,G7MNS2,G7MNS2_MACMU|protein,Files in cyp/macaca_mulatta_110,,
macaca_mulatta,,G7MNS3,G7MNS3_MACMU|protein,Files in cyp/macaca_mulatta_111,,
macaca_mulatta,,G7N078,G7N078_MACMU|protein,Files in cyp/macaca_mulatta_112,,
macaca_mulatta,,G7N434,G7N434_MACMU|protein,Files in cyp/macaca_mulatta_113,,
macaca_mulatta,,G7N8Q0,G7N8Q0_MACMU|protein,Files in cyp/macaca_mulatta_114,,
macaca_mulatta,,G7N9V0,G7N9V0_MACMU|protein,Files in cyp/macaca_mulatta_115,,
macaca_mulatta,CYP27C1,G7NB44,G7NB44_MACMU|protein,Files in cyp/macaca_mulatta_116,,
macaca_mulatta,,G7NLI4,G7NLI4_MACMU|protein,Files in cyp/macaca_mulatta_117,,
macaca_mulatta,,G7NLI5,G7NLI5_MACMU|protein,Files in cyp/macaca_mulatta_118,,
macaca_mulatta,,G7NLI6,G7NLI6_MACMU|protein,Files in cyp/macaca_mulatta_119,,
macaca_mulatta,,G7NMM5,G7NMM5_MACMU|protein,Files in cyp/macaca_mulatta_120,,
macaca_mulatta,,G7NMM8,G7NMM8_MACMU|protein,Files in cyp/macaca_mulatta_121,,
macaca_mulatta,,G7NMN0,G7NMN0_MACMU|protein,Files in cyp/macaca_mulatta_122,,
macaca_mulatta,,G7NMN4,G7NMN4_MACMU|protein,Files in cyp/macaca_mulatta_123,,
macaca_mulatta,,G8F1U1,G8F1U1_MACMU|protein,Files in cyp/macaca_mulatta_124,,
macaca_mulatta,CYP1B1,H9Z5P7,H9Z5P7_MACMU|protein,Files in cyp/macaca_mulatta_125,,
macaca_mulatta,CYP20A1,H9ZBL7,H9ZBL7_MACMU|protein,Files in cyp/macaca_mulatta_126,,
macaca_mulatta,CYP4X1,I2CUH9,I2CUH9_MACMU|protein,Files in cyp/macaca_mulatta_127,,
macaca_mulatta,CYP20A1,I2CVC1,I2CVC1_MACMU|protein,Files in cyp/macaca_mulatta_128,,
macaca_mulatta,CYP2C43,Q53TY7,Q53TY7_MACMU|protein,Files in cyp/macaca_mulatta_129,,
macaca_mulatta,CYP2F6,Q58HA0,Q58HA0_MACMU|protein,Files in cyp/macaca_mulatta_130,,
macaca_mulatta,CYP3A66,Q6GUQ3,Q6GUQ3_MACMU|protein,Files in cyp/macaca_mulatta_131,,
macaca_mulatta,CYP2C74,Q6GUQ7,Q6GUQ7_MACMU|protein,Files in cyp/macaca_mulatta_132,,
macaca_mulatta,CYP2B30,Q6GUQ8,Q6GUQ8_MACMU|protein,Files in cyp/macaca_mulatta_133,,
macaca_mulatta,CYP2A24,Q6GUQ9,Q6GUQ9_MACMU|protein,Files in cyp/macaca_mulatta_134,,
macaca_mulatta,CYP2A23,Q6GUR0,Q6GUR0_MACMU|protein,Files in cyp/macaca_mulatta_135,,
macaca_mulatta,CYP3A64,Q6PSM4,Q6PSM4_MACMU|protein,Files in cyp/macaca_mulatta_136,,
macaca_mulatta,CYP3A64,Q6VP01,Q6VP01_MACMU|protein,Files in cyp/macaca_mulatta_137,,
macaca_mulatta,CYP2S1,A0A1D5RIQ6,A0A1D5RIQ6_MACMU|protein,Files in cyp/macaca_mulatta_138,,
macaca_mulatta,CYP2J2,A0A5F7ZMI3,A0A5F7ZMI3_MACMU|protein,Files in cyp/macaca_mulatta_139,,
macaca_mulatta,CYP20A1,F6ULN7,F6ULN7_MACMU|protein,Files in cyp/macaca_mulatta_140,,
